-- --------------------------------------------------------
-- Host:                         159.223.151.21
-- Versión del servidor:         8.0.28-0ubuntu0.20.04.3 - (Ubuntu)
-- SO del servidor:              Linux
-- HeidiSQL Versión:             11.3.0.6295
-- --------------------------------------------------------

/*!40101 SET @OLD_CHARACTER_SET_CLIENT=@@CHARACTER_SET_CLIENT */;
/*!40101 SET NAMES utf8 */;
/*!50503 SET NAMES utf8mb4 */;
/*!40014 SET @OLD_FOREIGN_KEY_CHECKS=@@FOREIGN_KEY_CHECKS, FOREIGN_KEY_CHECKS=0 */;
/*!40101 SET @OLD_SQL_MODE=@@SQL_MODE, SQL_MODE='NO_AUTO_VALUE_ON_ZERO' */;
/*!40111 SET @OLD_SQL_NOTES=@@SQL_NOTES, SQL_NOTES=0 */;


-- Volcando estructura de base de datos para opem
DROP DATABASE IF EXISTS `opem`;
CREATE DATABASE IF NOT EXISTS `opem` /*!40100 DEFAULT CHARACTER SET utf8 COLLATE utf8_spanish_ci */ /*!80016 DEFAULT ENCRYPTION='N' */;
USE `opem`;

-- Volcando estructura para tabla opem.certificaciones
DROP TABLE IF EXISTS `certificaciones`;
CREATE TABLE IF NOT EXISTS `certificaciones` (
  `id_cer` char(50) CHARACTER SET utf8 COLLATE utf8_spanish_ci NOT NULL DEFAULT '',
  `fechainicio_cer` date DEFAULT NULL,
  `fechafin_cer` date DEFAULT NULL,
  `horas_cer` int DEFAULT NULL,
  `idcur_cer` int DEFAULT NULL,
  `cohorte_cer` int NOT NULL AUTO_INCREMENT,
  `estado_cer` int NOT NULL,
  `periodo_cer` int NOT NULL,
  `tiempovigencia_cer` int NOT NULL,
  PRIMARY KEY (`id_cer`),
  UNIQUE KEY `UQ_cohorte` (`cohorte_cer`) USING BTREE,
  KEY `FK_certificaciones_cursos` (`idcur_cer`),
  CONSTRAINT `FK_certificaciones_cursos` FOREIGN KEY (`idcur_cer`) REFERENCES `cursos` (`id_cur`)
) ENGINE=InnoDB AUTO_INCREMENT=47 DEFAULT CHARSET=utf8mb3 COLLATE=utf8_spanish_ci;

-- Volcando datos para la tabla opem.certificaciones: ~46 rows (aproximadamente)
DELETE FROM `certificaciones`;
/*!40000 ALTER TABLE `certificaciones` DISABLE KEYS */;
INSERT INTO `certificaciones` (`id_cer`, `fechainicio_cer`, `fechafin_cer`, `horas_cer`, `idcur_cer`, `cohorte_cer`, `estado_cer`, `periodo_cer`, `tiempovigencia_cer`) VALUES
	('00d9eae0-8718-4a04-9d81-032c7ed8159b', '2021-11-02', '2022-11-02', 10, 1, 40, 0, 3, 1),
	('013e235a-e9b4-499c-b065-194a628aebd1', '2021-09-07', '2022-09-07', 10, 7, 32, 0, 3, 1),
	('02aa23d2-dcdc-42ae-8869-a205ea84f50b', '2021-10-25', '2022-10-25', 10, 1, 35, 0, 3, 1),
	('07369b3a-0ff6-4ea4-b54d-25e81f1f6021', '2021-02-15', '2022-02-15', 50, 6, 21, 0, 3, 1),
	('0d8ea35b-094b-47e2-a84d-711486170b74', '2021-08-19', '2022-08-19', 10, 14, 27, 0, 3, 1),
	('2071b300-390e-4bf0-b688-88fb080535ec', '2020-10-27', '2021-10-27', 10, 1, 12, 0, 3, 1),
	('25c555e0-d587-4777-b1e3-623d868f9482', '2020-10-27', '2021-10-27', 10, 3, 11, 0, 3, 1),
	('25dad620-e524-44d3-bbdf-cfd300a82ff7', '2020-11-09', '2021-11-09', 10, 2, 17, 0, 3, 1),
	('27d08c36-40e9-43db-9415-be1b6eeb400a', '2021-08-19', '2022-08-19', 10, 5, 28, 0, 3, 1),
	('3419442e-93fd-4416-9d2c-abd6d3132dea', '2020-07-23', '2021-07-23', 10, 1, 3, 0, 3, 1),
	('357effc4-e152-4ff5-9cec-43548768c182', '2020-10-20', '2021-10-20', 10, 1, 10, 0, 3, 1),
	('3eb5ba82-6b16-460f-8f87-e487005b4dcf', '2021-11-06', '2022-11-06', 10, 1, 41, 0, 3, 1),
	('425c2ac2-3abb-4fb3-bda8-a9b52dffa5c3', '2021-05-27', '2022-05-27', 10, 3, 44, 0, 3, 1),
	('46406be5-9055-4267-a02f-441f70e846fe', '2021-12-31', '2022-12-31', 32, 5, 45, 0, 3, 1),
	('516ffca0-3579-44e9-8d07-7688e7342de2', '2020-10-20', '2021-10-20', 10, 5, 8, 0, 3, 1),
	('58465601-f783-4740-a638-280d7cbe166d', '2020-10-02', '2021-10-02', 10, 4, 7, 0, 3, 1),
	('5bc8bd16-7641-49ea-81d9-6fd2fce2c016', '2020-10-20', '2021-10-20', 10, 2, 9, 0, 3, 1),
	('63e91b88-814c-4686-811c-df12fa0eef91', '2021-06-19', '2022-06-19', 10, 14, 43, 0, 3, 1),
	('6c18348e-0f52-45b0-bfa3-0ab849020be8', '2020-08-13', '2021-08-13', 10, 3, 4, 0, 3, 1),
	('752ed5c6-bc00-4e1c-aea8-a0ae342ed83b', '2022-02-07', '2022-05-07', 50, 3, 1, 0, 2, 3),
	('7ade3df6-e70c-42b6-bfd0-a45de7f68df4', '2021-11-02', '2022-11-02', 10, 5, 39, 0, 3, 1),
	('7ea5cc03-7636-4e4d-bbf4-7af1baf22afb', '2020-11-06', '2021-11-06', 10, 12, 16, 0, 3, 1),
	('826ee6b6-a313-45ac-b64f-ca2e941a1926', '2021-04-15', '2022-04-15', 10, 13, 24, 0, 3, 1),
	('83baa88c-b4e8-4067-8782-8b4cf427e009', '2021-08-19', '2022-08-19', 10, 14, 29, 0, 3, 1),
	('83fc9efe-a9a3-4dd1-9823-2e8501a3bec5', '2020-11-01', '2021-11-01', 10, 5, 15, 0, 3, 1),
	('8476a0b2-ad57-4588-8e30-b7425da82f9b', '2020-01-18', '2021-01-18', 50, 6, 2, 0, 3, 1),
	('858b3d1e-4a48-48f8-96e9-f3e3537db3f6', '2021-03-10', '2022-03-10', 10, 1, 22, 0, 3, 1),
	('895446ba-4aad-4784-9aa4-709f1f2d614d', '2021-10-31', '2022-10-31', 10, 11, 37, 0, 3, 1),
	('8f48911c-7154-4d1b-9d6f-ae6a65d4ade7', '2021-05-27', '2022-05-27', 10, 3, 26, 0, 3, 1),
	('9148eab4-9861-461b-9d04-a7dd5c60a7f4', '2020-09-19', '2021-09-19', 10, 1, 6, 0, 3, 1),
	('9273033e-1e90-4ff3-b3c4-64bc1883f31a', '2020-09-15', '2021-09-15', 10, 1, 5, 0, 3, 1),
	('93d7b4da-7283-4238-8236-731a103c8125', '2021-09-08', '2022-09-08', 50, 6, 33, 0, 3, 1),
	('9fd8081d-ba54-40fd-8c3c-bb895782ee41', '2020-11-28', '2021-11-28', 10, 5, 18, 0, 3, 1),
	('a46d92aa-fc9c-46d1-b719-92c87f71d14a', '2021-12-18', '2022-12-18', 10, 5, 42, 0, 3, 1),
	('a6b71931-9a18-40cf-8fef-a3b870ecdb18', '2020-10-30', '2021-10-30', 10, 3, 13, 0, 3, 1),
	('b6cf6186-9f4f-4593-add9-4acfcf4724b2', '2021-05-22', '2022-05-22', 10, 9, 25, 0, 3, 1),
	('c54debe4-b0ea-4eea-84f7-ea701693074e', '2021-10-11', '2022-10-11', 10, 1, 34, 0, 3, 1),
	('c8babb61-d2ed-40be-9087-88d20eff8208', '2021-10-26', '2022-10-26', 10, 14, 36, 0, 3, 1),
	('ca5fd3a5-84b4-46e4-8013-ad915c7d9918', '2021-08-19', '2022-08-19', 10, 1, 30, 0, 3, 1),
	('cf09d1cd-9619-472a-9e2a-ed3d8ff7aa99', '2021-11-02', '2022-11-02', 10, 14, 38, 0, 3, 1),
	('e73c7dc0-f22e-46a2-b5f0-49a7cee21a31', '2020-10-30', '2021-10-30', 10, 1, 14, 0, 3, 1),
	('f7d25aa4-d03c-4303-9da5-da4ae18c5132', '2020-11-01', '2021-11-01', 10, 5, 46, 0, 3, 1),
	('fac7a315-1182-41cd-9846-a8901e1ae515', '2021-02-12', '2022-02-12', 10, 3, 19, 0, 3, 1),
	('fbb08e56-3b52-4c21-91f0-bf2401b57765', '2021-02-15', '2022-02-15', 10, 1, 20, 0, 3, 1),
	('fc43dea7-7154-481c-a18d-1f64f25af429', '2021-03-19', '2022-03-19', 10, 1, 23, 0, 3, 1),
	('fe70d917-5f71-4529-bca1-1e832eacab8f', '2021-09-01', '2022-09-01', 10, 8, 31, 0, 3, 1);
/*!40000 ALTER TABLE `certificaciones` ENABLE KEYS */;

-- Volcando estructura para tabla opem.certificaciones_colaboradores
DROP TABLE IF EXISTS `certificaciones_colaboradores`;
CREATE TABLE IF NOT EXISTS `certificaciones_colaboradores` (
  `id_ceco` char(50) CHARACTER SET utf8 COLLATE utf8_spanish_ci NOT NULL DEFAULT '',
  `idcer_ceco` char(50) CHARACTER SET utf8 COLLATE utf8_spanish_ci NOT NULL DEFAULT '',
  `idcol_ceco` int DEFAULT NULL,
  `idemp_ceco` int DEFAULT NULL,
  `estado_ceco` int DEFAULT NULL,
  `descargado_ceco` int DEFAULT NULL,
  `consecutivo_ceco` int NOT NULL AUTO_INCREMENT,
  PRIMARY KEY (`id_ceco`),
  UNIQUE KEY `cunsecutivo` (`consecutivo_ceco`),
  UNIQUE KEY `Índice 5` (`idcer_ceco`,`idcol_ceco`,`idemp_ceco`),
  KEY `FK_certificaciones_colaboradores_colaboradores` (`idcol_ceco`),
  KEY `FK_certificaciones_colaboradores_empresas` (`idemp_ceco`),
  CONSTRAINT `FK_certificaciones_colaboradores_certificaciones` FOREIGN KEY (`idcer_ceco`) REFERENCES `certificaciones` (`id_cer`),
  CONSTRAINT `FK_certificaciones_colaboradores_colaboradores` FOREIGN KEY (`idcol_ceco`) REFERENCES `colaboradores` (`id_col`),
  CONSTRAINT `FK_certificaciones_colaboradores_empresas` FOREIGN KEY (`idemp_ceco`) REFERENCES `empresas` (`id_emp`)
) ENGINE=InnoDB AUTO_INCREMENT=303 DEFAULT CHARSET=utf8mb3 COLLATE=utf8_spanish_ci;

-- Volcando datos para la tabla opem.certificaciones_colaboradores: ~236 rows (aproximadamente)
DELETE FROM `certificaciones_colaboradores`;
/*!40000 ALTER TABLE `certificaciones_colaboradores` DISABLE KEYS */;
INSERT INTO `certificaciones_colaboradores` (`id_ceco`, `idcer_ceco`, `idcol_ceco`, `idemp_ceco`, `estado_ceco`, `descargado_ceco`, `consecutivo_ceco`) VALUES
	('036b7f55-6d19-4e11-8ce3-69b4bf871e1a', '46406be5-9055-4267-a02f-441f70e846fe', 197, 14, 1, 0, 251),
	('0381fd7c-e43f-4d7f-9189-b17c1984e89a', 'fac7a315-1182-41cd-9846-a8901e1ae515', 88, 6, 0, 0, 130),
	('06774184-4dff-45dd-b80c-f9471c0d35e3', 'b6cf6186-9f4f-4593-add9-4acfcf4724b2', 138, 0, 0, 0, 145),
	('067bfcac-440a-4b7d-bd84-f39dd23f41c0', '516ffca0-3579-44e9-8d07-7688e7342de2', 57, 4, 1, 0, 26),
	('06ec4626-5656-4331-b425-d8b7e999841e', '63e91b88-814c-4686-811c-df12fa0eef91', 45, 3, 1, 0, 218),
	('0708484b-5d11-4389-a028-ed300e7a1c95', '8f48911c-7154-4d1b-9d6f-ae6a65d4ade7', 116, 9, 0, 0, 163),
	('090022c5-ec53-4cef-8496-2b43143568b0', '83baa88c-b4e8-4067-8782-8b4cf427e009', 143, 8, 0, 0, 180),
	('0978d7ef-e301-42f4-a859-e426aa682c2d', '25c555e0-d587-4777-b1e3-623d868f9482', 52, 3, 1, 0, 58),
	('09e77e88-4df7-4892-be28-e1e13762cfd7', 'e73c7dc0-f22e-46a2-b5f0-49a7cee21a31', 61, 3, 0, 0, 88),
	('0a33ba6a-b6c1-490e-a6a7-0a9fbb5ab19f', 'a6b71931-9a18-40cf-8fef-a3b870ecdb18', 81, 0, 1, 0, 81),
	('0bbf9220-b0db-4070-882d-c169bb646536', '9273033e-1e90-4ff3-b3c4-64bc1883f31a', 14, 3, 1, 0, 21),
	('0c3504b2-d527-42b1-b2a1-4b735de59701', '9fd8081d-ba54-40fd-8c3c-bb895782ee41', 181, 14, 0, 0, 105),
	('0ce79d85-9aed-41f4-9487-7e12511ae4bb', '858b3d1e-4a48-48f8-96e9-f3e3537db3f6', 47, 3, 0, 0, 137),
	('0d52b796-6976-4c43-af0c-496b94c05de1', '8f48911c-7154-4d1b-9d6f-ae6a65d4ade7', 129, 6, 0, 0, 175),
	('0dc73028-0cf3-41ca-9555-9e73be199478', 'e73c7dc0-f22e-46a2-b5f0-49a7cee21a31', 60, 3, 0, 0, 86),
	('102058d5-a2cb-4b1a-8f0e-74b1494d5c4d', '9273033e-1e90-4ff3-b3c4-64bc1883f31a', 15, 3, 1, 0, 15),
	('1201cf64-91da-4ed7-a8e9-a32ee34e8e73', '8476a0b2-ad57-4588-8e30-b7425da82f9b', 82, 0, 1, 0, 2),
	('142fdec9-6ed6-44fd-a3ad-927db5d3f019', '9fd8081d-ba54-40fd-8c3c-bb895782ee41', 202, 14, 0, 0, 121),
	('16576328-0b9a-42de-bfdd-1d8f04b3f4b6', 'a6b71931-9a18-40cf-8fef-a3b870ecdb18', 20, 3, 1, 0, 70),
	('1680b93e-bc87-4033-bc42-78a8431e4e3f', '5bc8bd16-7641-49ea-81d9-6fd2fce2c016', 34, 3, 1, 0, 32),
	('168d02e1-6be6-4f8c-b9b7-98ffa99e79e6', '46406be5-9055-4267-a02f-441f70e846fe', 201, 14, 1, 0, 264),
	('16c23ed3-f109-46ff-8236-cea137b1174b', '25c555e0-d587-4777-b1e3-623d868f9482', 44, 3, 1, 0, 55),
	('1869473a-cbc8-4dad-b40e-86cedd4f3c2e', 'a6b71931-9a18-40cf-8fef-a3b870ecdb18', 78, 3, 1, 0, 78),
	('1893031f-6938-44b5-bb80-9e9acf2fe72d', '9fd8081d-ba54-40fd-8c3c-bb895782ee41', 211, 14, 0, 0, 128),
	('191ec8b1-173e-4d9c-ac33-0fd3db9be9bf', '9273033e-1e90-4ff3-b3c4-64bc1883f31a', 11, 3, 1, 0, 12),
	('1955949f-0f21-4e8f-919c-2738db7861d5', '8f48911c-7154-4d1b-9d6f-ae6a65d4ade7', 114, 9, 0, 0, 161),
	('1bc47c15-a813-4983-ab4a-4eb1edf5130a', 'c54debe4-b0ea-4eea-84f7-ea701693074e', 144, 4, 0, 0, 197),
	('1bee8c90-56a7-4b76-bcb7-c86be03c46b7', 'a6b71931-9a18-40cf-8fef-a3b870ecdb18', 61, 3, 1, 0, 66),
	('1e7d0473-68cc-4151-8845-c7ea9859798f', 'a6b71931-9a18-40cf-8fef-a3b870ecdb18', 62, 3, 1, 0, 67),
	('1e9546cb-2380-411b-aabf-0c58da3b11fd', '00d9eae0-8718-4a04-9d81-032c7ed8159b', 153, 4, 0, 0, 209),
	('1f04df38-52cf-4815-aa17-6817fcaae325', '46406be5-9055-4267-a02f-441f70e846fe', 195, 14, 1, 0, 250),
	('208c75eb-8eca-4a4e-ac0f-51ce879f484e', '8f48911c-7154-4d1b-9d6f-ae6a65d4ade7', 112, 9, 0, 0, 159),
	('20a6e465-c553-44eb-b122-74abfd3530b2', '9fd8081d-ba54-40fd-8c3c-bb895782ee41', 192, 14, 0, 0, 113),
	('22342d72-2854-4f7d-9fbe-bfc66c554939', '8f48911c-7154-4d1b-9d6f-ae6a65d4ade7', 119, 9, 0, 0, 166),
	('248fad20-f54a-4145-ac67-0cea4f463484', '46406be5-9055-4267-a02f-441f70e846fe', 192, 14, 1, 0, 248),
	('24c7eca4-f0a9-4752-84eb-5f29d159fa6e', '3eb5ba82-6b16-460f-8f87-e487005b4dcf', 151, 2, 1, 0, 216),
	('259d99f1-72f2-404e-9d2e-3823c2ce940c', '3eb5ba82-6b16-460f-8f87-e487005b4dcf', 150, 0, 1, 0, 214),
	('26c9bf08-cbf2-4013-94ad-63b5ad0ada9a', 'e73c7dc0-f22e-46a2-b5f0-49a7cee21a31', 62, 3, 0, 0, 89),
	('26d9f7d4-50c2-4bcc-bb10-23703ce82460', '9fd8081d-ba54-40fd-8c3c-bb895782ee41', 179, 14, 0, 0, 104),
	('272566ed-e0fe-4530-84d7-0c9b8d6abc07', '9fd8081d-ba54-40fd-8c3c-bb895782ee41', 191, 14, 0, 0, 111),
	('27b264b5-1e80-463f-a661-547469fac14d', '9fd8081d-ba54-40fd-8c3c-bb895782ee41', 194, 14, 0, 0, 115),
	('29096e98-556e-4145-9297-79b43a525058', 'e73c7dc0-f22e-46a2-b5f0-49a7cee21a31', 77, 3, 0, 0, 96),
	('29ebaf13-fffb-4d59-b334-091e9330f7c8', 'a6b71931-9a18-40cf-8fef-a3b870ecdb18', 71, 0, 1, 0, 74),
	('2bf61964-cfd6-4bbf-ac0a-ca52bdc7ffb2', 'e73c7dc0-f22e-46a2-b5f0-49a7cee21a31', 59, 3, 0, 0, 87),
	('2c2e19dc-1169-4948-b930-40b4350bdf36', 'fac7a315-1182-41cd-9846-a8901e1ae515', 92, 6, 0, 0, 132),
	('2dba4fcb-06b9-4cfc-8056-b2fffef181bf', '2071b300-390e-4bf0-b688-88fb080535ec', 46, 3, 1, 0, 61),
	('2dc0aea3-836c-428f-b1fd-c1e2835777f6', '5bc8bd16-7641-49ea-81d9-6fd2fce2c016', 67, 3, 1, 0, 41),
	('2f9978c3-f232-474b-980a-1ecd7d2026e8', '8f48911c-7154-4d1b-9d6f-ae6a65d4ade7', 105, 9, 0, 0, 152),
	('300487eb-30d5-4d59-a1bc-44209f72336e', '6c18348e-0f52-45b0-bfa3-0ab849020be8', 42, 0, 1, 0, 10),
	('300adad2-fa9c-49e1-8f81-6679eb521d6b', '357effc4-e152-4ff5-9cec-43548768c182', 49, 3, 1, 0, 44),
	('3019fc0c-a9fe-47b1-be69-6d727d3c9ae5', '5bc8bd16-7641-49ea-81d9-6fd2fce2c016', 38, 3, 1, 0, 36),
	('30493cfc-0baa-4e69-8968-4e16626a2a71', '8f48911c-7154-4d1b-9d6f-ae6a65d4ade7', 115, 9, 0, 0, 162),
	('341b46fc-d052-426e-ad5e-401f2181132f', 'a6b71931-9a18-40cf-8fef-a3b870ecdb18', 75, 3, 1, 0, 76),
	('342c0fc2-4a8b-45c4-b6ce-7e3d13c8e175', '25c555e0-d587-4777-b1e3-623d868f9482', 45, 3, 1, 0, 57),
	('360da26b-88c2-4c7b-ae3c-96c1c26e336e', 'fc43dea7-7154-481c-a18d-1f64f25af429', 97, 2, 0, 0, 138),
	('37cf0fb7-e7ec-4ddb-9a64-75f8cb91fdcc', '58465601-f783-4740-a638-280d7cbe166d', 47, 3, 1, 0, 23),
	('3b34934e-1731-4b22-84a3-c16fe168af1e', '516ffca0-3579-44e9-8d07-7688e7342de2', 54, 3, 1, 0, 30),
	('3c7eb9b0-e8cc-4b62-8447-d4257d8c3f82', 'a6b71931-9a18-40cf-8fef-a3b870ecdb18', 69, 3, 1, 0, 72),
	('3de113dd-fd59-499c-bf4f-52f1a6bfa128', 'cf09d1cd-9619-472a-9e2a-ed3d8ff7aa99', 147, 8, 0, 0, 203),
	('4184b17b-0936-48db-806b-a076877527df', '83fc9efe-a9a3-4dd1-9823-2e8501a3bec5', 218, 0, 0, 0, 301),
	('424d5df6-4f7f-41fd-a5f4-cd1e9abca4b3', '6c18348e-0f52-45b0-bfa3-0ab849020be8', 22, 3, 1, 0, 11),
	('4310ed97-cf75-4e7f-9b60-010ca08b5d1c', '895446ba-4aad-4784-9aa4-709f1f2d614d', 148, 0, 0, 0, 202),
	('4364bc57-8f1f-4d37-94ed-3c45656c946c', 'e73c7dc0-f22e-46a2-b5f0-49a7cee21a31', 87, 3, 0, 0, 100),
	('44f9b459-2d8e-4315-9c5e-00b845203a8b', '2071b300-390e-4bf0-b688-88fb080535ec', 50, 3, 1, 0, 63),
	('456eff39-0d36-4761-869f-24512e735bcd', 'c54debe4-b0ea-4eea-84f7-ea701693074e', 7, 2, 0, 0, 193),
	('45868c0c-257a-4189-8fd9-21e15026e252', '46406be5-9055-4267-a02f-441f70e846fe', 194, 14, 1, 0, 249),
	('45b71e17-dc58-45a8-a24e-6a9341104858', '0d8ea35b-094b-47e2-a84d-711486170b74', 124, 0, 0, 0, 178),
	('4620ed1b-2ed8-46d1-ba8b-76c2def72ec3', 'c8babb61-d2ed-40be-9087-88d20eff8208', 145, 8, 0, 0, 200),
	('4735230c-857b-417a-b45c-ae0730476ad9', 'e73c7dc0-f22e-46a2-b5f0-49a7cee21a31', 76, 3, 0, 0, 97),
	('47d3d61b-144a-4dbf-bf83-3e795a588f9b', '5bc8bd16-7641-49ea-81d9-6fd2fce2c016', 40, 3, 1, 0, 38),
	('481dbe86-213a-4a30-ae23-5b8356a53473', '858b3d1e-4a48-48f8-96e9-f3e3537db3f6', 48, 3, 0, 0, 136),
	('4928af19-b1d9-4e67-a361-cfeba20e0514', '8f48911c-7154-4d1b-9d6f-ae6a65d4ade7', 118, 9, 0, 0, 165),
	('4a32456b-70db-4d78-9dfd-99b6a7301641', '9fd8081d-ba54-40fd-8c3c-bb895782ee41', 188, 14, 0, 0, 109),
	('4a3adcb1-5604-4f4c-81ed-232aef7bffa9', 'c54debe4-b0ea-4eea-84f7-ea701693074e', 2, 2, 0, 0, 191),
	('4ac34629-58b5-4ed1-8da4-10a98125f1ae', 'c8babb61-d2ed-40be-9087-88d20eff8208', 146, 2, 0, 0, 201),
	('4ad889d9-f443-4d62-a322-9560fb9aa987', '357effc4-e152-4ff5-9cec-43548768c182', 31, 3, 1, 0, 51),
	('4b15adb3-7824-43c3-bac6-b1d7e9beec8f', '5bc8bd16-7641-49ea-81d9-6fd2fce2c016', 66, 3, 1, 0, 40),
	('4b98e8fd-6d9d-4eed-bd92-3f57d4c4f638', '3eb5ba82-6b16-460f-8f87-e487005b4dcf', 3, 2, 0, 0, 210),
	('4d690f2e-39c8-427c-a8c6-3e21e512299d', 'fac7a315-1182-41cd-9846-a8901e1ae515', 93, 6, 0, 0, 133),
	('4e10d95a-5065-4356-9f4f-1b4b82f120ae', '46406be5-9055-4267-a02f-441f70e846fe', 200, 14, 1, 0, 263),
	('4ec5d32d-4d57-4480-b21a-222637002648', '9fd8081d-ba54-40fd-8c3c-bb895782ee41', 204, 14, 1, 0, 123),
	('4f32166c-94ca-4c1f-8cb9-66cf078eed95', 'c54debe4-b0ea-4eea-84f7-ea701693074e', 141, 2, 0, 0, 195),
	('50524de9-d953-46ac-8878-21d47bc9921e', 'fbb08e56-3b52-4c21-91f0-bf2401b57765', 67, 3, 0, 0, 134),
	('507e7fb2-eb9f-434d-8bff-9fdaac080b85', '02aa23d2-dcdc-42ae-8869-a205ea84f50b', 145, 8, 0, 0, 198),
	('514dfde3-0a4b-497d-8b17-39703599bf12', '8f48911c-7154-4d1b-9d6f-ae6a65d4ade7', 128, 0, 0, 0, 174),
	('5481b145-a9f3-4c0e-a8fa-cceb0d3e1dff', 'e73c7dc0-f22e-46a2-b5f0-49a7cee21a31', 65, 3, 0, 0, 92),
	('55591ea5-3aff-4850-9d50-3688bcde67fa', '357effc4-e152-4ff5-9cec-43548768c182', 28, 3, 1, 0, 48),
	('58c425d3-8d2e-45df-9fb6-9e239e909315', '8f48911c-7154-4d1b-9d6f-ae6a65d4ade7', 127, 10, 0, 0, 173),
	('5a2c6826-1781-41ad-8b4a-35af518a18cc', 'cf09d1cd-9619-472a-9e2a-ed3d8ff7aa99', 152, 4, 0, 0, 204),
	('5aea0f63-07e3-4f41-b82b-e6e1301b5828', '83fc9efe-a9a3-4dd1-9823-2e8501a3bec5', 217, 0, 0, 0, 300),
	('605e33bf-cf8c-400d-b56f-a05387380b0d', '3eb5ba82-6b16-460f-8f87-e487005b4dcf', 149, 2, 1, 0, 213),
	('6078c994-257e-4381-9d4f-9fe42ea7cd85', '9148eab4-9861-461b-9d04-a7dd5c60a7f4', 22, 3, 1, 0, 22),
	('61641a51-4586-48cd-8be2-af5d08c56f4c', 'cf09d1cd-9619-472a-9e2a-ed3d8ff7aa99', 153, 4, 0, 0, 205),
	('6431eaea-79e6-42e3-a7ba-4a152da66b75', '46406be5-9055-4267-a02f-441f70e846fe', 204, 14, 1, 0, 85),
	('654fdc40-0401-42ad-ad9c-6c2dec1b1188', '8f48911c-7154-4d1b-9d6f-ae6a65d4ade7', 109, 9, 0, 0, 156),
	('66f59d34-a2d4-469e-acdb-10b40f93727f', '5bc8bd16-7641-49ea-81d9-6fd2fce2c016', 35, 3, 1, 0, 33),
	('67595efc-00d3-4fd0-9674-a26e17d591f0', '9fd8081d-ba54-40fd-8c3c-bb895782ee41', 182, 14, 0, 0, 106),
	('6831e2cd-833f-402e-9766-5e37d516c7d2', '9fd8081d-ba54-40fd-8c3c-bb895782ee41', 209, 14, 0, 0, 127),
	('6be3dcba-095f-4844-aceb-92c8d44d1654', '425c2ac2-3abb-4fb3-bda8-a9b52dffa5c3', 98, 0, 0, 0, 147),
	('6dff90eb-2655-4db0-9644-227fac4a588f', '25c555e0-d587-4777-b1e3-623d868f9482', 43, 3, 1, 0, 53),
	('6fcd45cb-fb44-4b80-ab0a-35f5f56102d3', 'a6b71931-9a18-40cf-8fef-a3b870ecdb18', 60, 3, 1, 0, 65),
	('7155abed-751b-415e-9e0d-5c5f6f947632', '9fd8081d-ba54-40fd-8c3c-bb895782ee41', 201, 14, 0, 0, 120),
	('71600bde-f73f-4772-a1b8-6e234341cbd7', 'c54debe4-b0ea-4eea-84f7-ea701693074e', 143, 8, 0, 0, 196),
	('7314dfbc-0203-4252-8143-43ca1d3cc274', '8f48911c-7154-4d1b-9d6f-ae6a65d4ade7', 106, 9, 0, 0, 153),
	('73400b2c-b7c6-42c5-8e19-1f195ca79920', '9fd8081d-ba54-40fd-8c3c-bb895782ee41', 200, 14, 0, 0, 119),
	('74d0d698-96a6-40d1-a51f-bb23ffb45850', '25c555e0-d587-4777-b1e3-623d868f9482', 53, 3, 1, 0, 60),
	('75208dee-121c-444e-b847-d284446ae135', '3419442e-93fd-4416-9d2c-abd6d3132dea', 3, 2, 1, 0, 4),
	('753cd521-c79d-4d1c-90e1-3b98129dc618', 'e73c7dc0-f22e-46a2-b5f0-49a7cee21a31', 79, 3, 0, 0, 99),
	('76e1cfb5-9b11-47cc-aa28-b2a4b58b3729', '7ade3df6-e70c-42b6-bfd0-a45de7f68df4', 155, 0, 0, 0, 207),
	('79b1286d-1d19-4c27-9d4e-2f6ead72d0d3', '9273033e-1e90-4ff3-b3c4-64bc1883f31a', 17, 3, 1, 0, 17),
	('7ce1ee52-7b11-4cc2-933a-32d75cea6a09', '357effc4-e152-4ff5-9cec-43548768c182', 29, 3, 1, 0, 49),
	('7d7a48cc-4c0f-47dc-8703-a247cfe5f021', '9fd8081d-ba54-40fd-8c3c-bb895782ee41', 213, 14, 0, 0, 129),
	('7ea54120-f6ba-4f50-a81e-93ecf1a9e7da', '8f48911c-7154-4d1b-9d6f-ae6a65d4ade7', 125, 10, 0, 0, 171),
	('7ff1f459-d941-465e-9987-daac3aaf9867', '357effc4-e152-4ff5-9cec-43548768c182', 27, 3, 1, 0, 47),
	('8257c779-ced5-471d-84d9-24712f3feb0e', '46406be5-9055-4267-a02f-441f70e846fe', 202, 14, 1, 0, 265),
	('831aa794-7427-4a85-b718-5db6bd1bbe7b', '516ffca0-3579-44e9-8d07-7688e7342de2', 58, 4, 1, 0, 27),
	('83362ea7-8b4c-4120-a58f-77b0d28f75ef', '3419442e-93fd-4416-9d2c-abd6d3132dea', 8, 2, 1, 0, 7),
	('838ee576-eaf0-498f-94bd-70cfd9cef036', '83fc9efe-a9a3-4dd1-9823-2e8501a3bec5', 216, 0, 0, 0, 273),
	('865273e0-e97a-4558-b496-67801ba650d7', '0d8ea35b-094b-47e2-a84d-711486170b74', 101, 8, 0, 0, 177),
	('865efd2f-aea2-4597-aefd-a918636924a5', '013e235a-e9b4-499c-b065-194a628aebd1', 133, 0, 0, 0, 187),
	('8944d20c-0712-4f5c-8c72-30cc7b3589aa', '9273033e-1e90-4ff3-b3c4-64bc1883f31a', 18, 3, 1, 0, 18),
	('8a80d961-48f7-4e6f-8de4-0cb7fa52d5c2', '9fd8081d-ba54-40fd-8c3c-bb895782ee41', 189, 14, 0, 0, 110),
	('8ae7b532-e35f-4e39-be8a-a99c87d5ce53', '357effc4-e152-4ff5-9cec-43548768c182', 23, 3, 1, 0, 42),
	('8b083287-71e3-465e-8b5d-622cce0b3a94', '3eb5ba82-6b16-460f-8f87-e487005b4dcf', 10, 2, 1, 0, 212),
	('8b592422-67df-4397-9182-33f03018db86', '8f48911c-7154-4d1b-9d6f-ae6a65d4ade7', 110, 9, 0, 0, 157),
	('8c364e05-a3ac-4b3a-bcc5-26a6e39c32a6', '357effc4-e152-4ff5-9cec-43548768c182', 24, 3, 1, 0, 43),
	('8f94806e-bb34-46e3-8979-d4a30e4b384c', '357effc4-e152-4ff5-9cec-43548768c182', 32, 3, 1, 0, 52),
	('90457b46-62c9-46c5-b617-c60c54bef491', '9fd8081d-ba54-40fd-8c3c-bb895782ee41', 183, 14, 0, 0, 107),
	('907f879a-4cd2-4435-9cf5-3563973e06aa', '516ffca0-3579-44e9-8d07-7688e7342de2', 43, 3, 1, 0, 29),
	('90ad1f0f-d529-44e0-8121-d9d0f4a96197', '9fd8081d-ba54-40fd-8c3c-bb895782ee41', 193, 14, 0, 0, 114),
	('91770d2f-7f45-48eb-bd2b-62124a117178', 'a6b71931-9a18-40cf-8fef-a3b870ecdb18', 80, 0, 1, 0, 80),
	('921fcafb-0bfe-45cd-abd2-92bce4cd1284', '3eb5ba82-6b16-460f-8f87-e487005b4dcf', 8, 2, 1, 0, 211),
	('92466928-007c-4fd2-a478-560b28f64c34', 'a6b71931-9a18-40cf-8fef-a3b870ecdb18', 84, 6, 1, 0, 83),
	('935ff710-d137-4cd3-a094-cf172faadf0d', '5bc8bd16-7641-49ea-81d9-6fd2fce2c016', 36, 3, 1, 0, 34),
	('9523e3fd-da16-4c92-976b-edb74e4b2ea8', '46406be5-9055-4267-a02f-441f70e846fe', 180, 14, 1, 0, 235),
	('95fa4c1e-acd2-4645-aa4e-361a13c00e2e', '8f48911c-7154-4d1b-9d6f-ae6a65d4ade7', 122, 10, 0, 0, 169),
	('9603de6a-11db-4c45-abe4-b47cd5d04827', 'fc43dea7-7154-481c-a18d-1f64f25af429', 91, 2, 0, 0, 140),
	('96793dcb-a1fe-4870-bf57-eef8e2878804', 'a6b71931-9a18-40cf-8fef-a3b870ecdb18', 63, 3, 1, 0, 68),
	('97b73e05-f66d-4427-8bc4-ed82dd707c3b', '8f48911c-7154-4d1b-9d6f-ae6a65d4ade7', 142, 0, 0, 0, 176),
	('97d3a4b1-009f-480f-a346-377535b14271', '46406be5-9055-4267-a02f-441f70e846fe', 182, 14, 1, 0, 236),
	('984c88d3-01e6-4117-bcda-79a5fcd63c17', '3eb5ba82-6b16-460f-8f87-e487005b4dcf', 4, 2, 1, 0, 215),
	('9eb342ca-a347-47ed-8867-370e6315e924', '013e235a-e9b4-499c-b065-194a628aebd1', 130, 0, 0, 0, 186),
	('9ee7f318-3ba9-463a-b539-615df64b2706', '9fd8081d-ba54-40fd-8c3c-bb895782ee41', 203, 14, 0, 0, 122),
	('9f1b3e0c-da13-48a7-9741-dc97f7c2e6ec', '46406be5-9055-4267-a02f-441f70e846fe', 203, 14, 1, 0, 266),
	('9f2f3da8-8d97-4184-a371-99c8501e18cb', 'fc43dea7-7154-481c-a18d-1f64f25af429', 90, 2, 0, 0, 141),
	('a0dc2103-4c40-4bf5-8981-1e8ee5541ea4', '8f48911c-7154-4d1b-9d6f-ae6a65d4ade7', 123, 10, 0, 0, 170),
	('a1134bb6-6e9b-405d-8728-d6d5c7b9bb3f', 'b6cf6186-9f4f-4593-add9-4acfcf4724b2', 136, 0, 0, 0, 143),
	('a25d23a1-3b02-4913-860f-fd7f015cd433', '9273033e-1e90-4ff3-b3c4-64bc1883f31a', 16, 3, 1, 0, 16),
	('a3387fd1-7926-40ee-91f4-2ce1851358e8', '8f48911c-7154-4d1b-9d6f-ae6a65d4ade7', 117, 9, 0, 0, 164),
	('a37880ff-df9c-4915-89ad-bdbd63924f1f', 'c54debe4-b0ea-4eea-84f7-ea701693074e', 140, 2, 0, 0, 189),
	('a58e960c-e3a5-4ff8-b77a-d3bc435492f5', '425c2ac2-3abb-4fb3-bda8-a9b52dffa5c3', 100, 0, 0, 0, 149),
	('a5fc5d2a-640b-49b7-9c31-b239a8bc9f95', '5bc8bd16-7641-49ea-81d9-6fd2fce2c016', 39, 3, 1, 0, 37),
	('a8428520-e388-487f-9797-abe8fe6f88e3', '27d08c36-40e9-43db-9415-be1b6eeb400a', 123, 10, 0, 0, 179),
	('ad9a33fa-59ec-4101-877a-19f1402a2f59', '3419442e-93fd-4416-9d2c-abd6d3132dea', 7, 2, 1, 0, 6),
	('ada56921-229b-4025-8aed-7998a1c4839e', '93d7b4da-7283-4238-8236-731a103c8125', 132, 0, 0, 0, 188),
	('ae25fdd5-9595-4b38-a214-aac7270701fb', 'c54debe4-b0ea-4eea-84f7-ea701693074e', 9, 2, 0, 0, 194),
	('af23563e-7a33-4a2f-bdcb-6da0cb3112e8', '357effc4-e152-4ff5-9cec-43548768c182', 26, 3, 1, 0, 46),
	('af830f2a-ff3b-4fc1-8b39-40d39510161d', '3419442e-93fd-4416-9d2c-abd6d3132dea', 10, 2, 1, 0, 8),
	('afb0d667-41e2-444b-83eb-eb688cd2c5ad', 'c54debe4-b0ea-4eea-84f7-ea701693074e', 5, 2, 0, 0, 192),
	('b0e9ba8d-179a-448e-8135-59bf7ba81bf9', '9fd8081d-ba54-40fd-8c3c-bb895782ee41', 187, 14, 0, 0, 108),
	('b12d1fcd-45f4-44c1-881c-9d5553045502', 'a6b71931-9a18-40cf-8fef-a3b870ecdb18', 72, 0, 1, 0, 75),
	('b1787df1-6e9c-4c34-847d-9aa820c8015a', '357effc4-e152-4ff5-9cec-43548768c182', 30, 3, 1, 0, 50),
	('b1d990c9-5f54-4d8e-b130-15734682ec90', '8f48911c-7154-4d1b-9d6f-ae6a65d4ade7', 111, 9, 0, 0, 158),
	('b20a5062-6045-4fef-9892-9992721e0f55', '8f48911c-7154-4d1b-9d6f-ae6a65d4ade7', 120, 0, 0, 0, 168),
	('b34a8ea9-4bbe-491e-8a5b-6b5529d5c2f1', 'c54debe4-b0ea-4eea-84f7-ea701693074e', 6, 2, 0, 0, 190),
	('b3aef118-8c45-4ad0-a748-318e1420c91a', '8f48911c-7154-4d1b-9d6f-ae6a65d4ade7', 107, 9, 0, 0, 154),
	('b3bb828f-d37b-467f-9fd8-0c2086756ab6', '46406be5-9055-4267-a02f-441f70e846fe', 206, 14, 1, 0, 267),
	('b4a0317b-7d2b-450a-b99b-ec58108c89db', 'a6b71931-9a18-40cf-8fef-a3b870ecdb18', 83, 6, 1, 0, 82),
	('b5303108-57ca-483b-a801-a6f071c2f28f', '83fc9efe-a9a3-4dd1-9823-2e8501a3bec5', 219, 0, 0, 0, 302),
	('b6578f12-d792-4377-bec3-010ffd8cbaf9', 'a6b71931-9a18-40cf-8fef-a3b870ecdb18', 70, 3, 1, 0, 73),
	('b76f4ea6-8915-444c-a485-2b068124924a', '5bc8bd16-7641-49ea-81d9-6fd2fce2c016', 37, 3, 1, 0, 35),
	('b7ab7f8a-5a98-4f07-923a-9890964c9576', '9fd8081d-ba54-40fd-8c3c-bb895782ee41', 198, 14, 0, 0, 118),
	('b8af596d-57e5-400c-ac19-988ceecc7a54', '516ffca0-3579-44e9-8d07-7688e7342de2', 56, 4, 1, 0, 25),
	('b8c8caef-ba7e-4ee0-bbc8-daaaff8eb464', '9fd8081d-ba54-40fd-8c3c-bb895782ee41', 208, 14, 0, 0, 126),
	('b8cf3ac8-a167-4a0a-95be-568ad931eda3', '25c555e0-d587-4777-b1e3-623d868f9482', 54, 3, 1, 0, 54),
	('b949c616-7d85-4601-8cd1-f65aab9a5dbf', '9fd8081d-ba54-40fd-8c3c-bb895782ee41', 196, 14, 0, 0, 117),
	('b9995f07-9361-4706-8c51-621529b42ce4', '9fd8081d-ba54-40fd-8c3c-bb895782ee41', 205, 14, 0, 0, 124),
	('ba2b4cb4-f059-44eb-83ab-8e75e0addc15', 'ca5fd3a5-84b4-46e4-8013-ad915c7d9918', 102, 8, 0, 0, 183),
	('ba73fcc3-3460-498a-8646-489bd7a6e85e', '8f48911c-7154-4d1b-9d6f-ae6a65d4ade7', 103, 9, 0, 0, 150),
	('bddb3d88-66f2-4c0c-bbfe-4b663f8773e5', 'fc43dea7-7154-481c-a18d-1f64f25af429', 96, 2, 0, 0, 139),
	('be3b82ed-4ea1-48a5-b995-f3aa19cab980', '7ea5cc03-7636-4e4d-bbf4-7af1baf22afb', 155, 0, 0, 0, 101),
	('befed17b-6040-4852-be75-c1e97c54e7c6', '00d9eae0-8718-4a04-9d81-032c7ed8159b', 147, 8, 0, 0, 208),
	('c016874b-98c5-4c45-a4e8-fe2d932e71f4', '9273033e-1e90-4ff3-b3c4-64bc1883f31a', 13, 3, 1, 0, 14),
	('c0c254a6-830d-479a-b2b9-bba0cc6d2936', '3eb5ba82-6b16-460f-8f87-e487005b4dcf', 152, 4, 1, 0, 217),
	('c2548759-5671-4467-aeb2-13dd86635659', '9fd8081d-ba54-40fd-8c3c-bb895782ee41', 207, 14, 0, 0, 125),
	('c2b7460a-37ac-4499-b247-e369897e705b', 'e73c7dc0-f22e-46a2-b5f0-49a7cee21a31', 64, 3, 0, 0, 91),
	('c3f0fda9-88e1-4f8c-9829-cdfbf8e57cd7', '83baa88c-b4e8-4067-8782-8b4cf427e009', 144, 4, 0, 0, 181),
	('c4f1246f-fc94-435d-95a0-97c9f9bf9e13', '8f48911c-7154-4d1b-9d6f-ae6a65d4ade7', 104, 9, 0, 0, 151),
	('c52313be-6d8e-4ff4-b26e-991f609c98ed', '425c2ac2-3abb-4fb3-bda8-a9b52dffa5c3', 95, 7, 0, 0, 146),
	('c6578c90-cbc1-4d3e-aab1-5c9d41bbde13', '9273033e-1e90-4ff3-b3c4-64bc1883f31a', 20, 3, 1, 0, 19),
	('c8d0a3e3-c6f6-4b6e-954e-7ff880053ebb', '8f48911c-7154-4d1b-9d6f-ae6a65d4ade7', 108, 9, 0, 0, 155),
	('cab368de-0d9e-4102-845f-7c01ce383637', 'b6cf6186-9f4f-4593-add9-4acfcf4724b2', 137, 0, 0, 0, 144),
	('cb91389a-8eb9-430b-b15c-b3cb14f582ba', '357effc4-e152-4ff5-9cec-43548768c182', 25, 3, 1, 0, 45),
	('cd039e09-a1ed-466b-8f56-066c4c451fe7', '8f48911c-7154-4d1b-9d6f-ae6a65d4ade7', 121, 9, 0, 0, 167),
	('cdc976b5-b74c-41b8-be34-a4b9b0e834af', '9fd8081d-ba54-40fd-8c3c-bb895782ee41', 190, 14, 0, 0, 112),
	('cf3e64c6-6b1e-4fd3-849b-48ace75d1e26', '02aa23d2-dcdc-42ae-8869-a205ea84f50b', 146, 2, 0, 0, 199),
	('d0d970ba-cf98-484a-9740-8572756dbf79', 'e73c7dc0-f22e-46a2-b5f0-49a7cee21a31', 69, 3, 0, 0, 93),
	('d0da92c3-e37f-4d42-a88d-cfebaaa1c1a1', 'e73c7dc0-f22e-46a2-b5f0-49a7cee21a31', 70, 3, 0, 0, 94),
	('d276e458-f1a3-427d-8211-e503725059c2', '2071b300-390e-4bf0-b688-88fb080535ec', 52, 3, 1, 0, 62),
	('d30f9c10-b1e7-4161-9908-6063b9cff1a8', '8f48911c-7154-4d1b-9d6f-ae6a65d4ade7', 126, 10, 0, 0, 172),
	('d33075a9-28d1-48f0-bf00-3aecc99f0b85', '6c18348e-0f52-45b0-bfa3-0ab849020be8', 51, 0, 1, 0, 9),
	('d38b18d6-9149-403f-819b-0e02970ed8b2', '9fd8081d-ba54-40fd-8c3c-bb895782ee41', 178, 14, 0, 0, 103),
	('d446d006-dc00-47b0-8be2-540065331a9a', 'e73c7dc0-f22e-46a2-b5f0-49a7cee21a31', 63, 3, 0, 0, 90),
	('d4889f1b-7680-42ee-99cc-a152a0f96a93', '25c555e0-d587-4777-b1e3-623d868f9482', 31, 3, 1, 0, 56),
	('d4fcb0f2-f0c3-434f-be40-61d56199c597', '9fd8081d-ba54-40fd-8c3c-bb895782ee41', 195, 14, 0, 0, 116),
	('d844c624-ace0-41ef-8fae-a86cf956efd5', '752ed5c6-bc00-4e1c-aea8-a0ae342ed83b', 1, 4, 1, 0, 1),
	('d91cc165-024f-40d2-a380-9a38df4dd6e2', '8476a0b2-ad57-4588-8e30-b7425da82f9b', 86, 0, 1, 0, 3),
	('d9961c53-318f-4c26-b72c-7b42ae9360f2', '8f48911c-7154-4d1b-9d6f-ae6a65d4ade7', 113, 9, 0, 0, 160),
	('da113a99-5fdd-40f0-83ae-b40245c30832', '9273033e-1e90-4ff3-b3c4-64bc1883f31a', 12, 3, 1, 0, 13),
	('da336f85-a10a-4280-97ac-c3be8aa932db', 'ca5fd3a5-84b4-46e4-8013-ad915c7d9918', 131, 8, 0, 0, 184),
	('dc36d67e-397a-4293-8f19-c82aabedd437', '58465601-f783-4740-a638-280d7cbe166d', 48, 3, 1, 0, 24),
	('ddce198f-177e-4397-9efe-a2c504b4532e', 'b6cf6186-9f4f-4593-add9-4acfcf4724b2', 135, 0, 0, 0, 142),
	('de1e1b50-a323-469d-90d8-6dd3fdf3e072', '516ffca0-3579-44e9-8d07-7688e7342de2', 68, 4, 1, 0, 28),
	('e37c4f06-24da-4d20-8048-84ac1a3a9e8c', 'a6b71931-9a18-40cf-8fef-a3b870ecdb18', 76, 3, 1, 0, 77),
	('e3a58430-2342-44c1-9bba-65b65e0dea90', '425c2ac2-3abb-4fb3-bda8-a9b52dffa5c3', 99, 0, 0, 0, 148),
	('e3d9a1de-3904-42cd-8e10-093c65efb47e', '5bc8bd16-7641-49ea-81d9-6fd2fce2c016', 41, 3, 1, 0, 39),
	('e45eebad-2a91-478b-8392-f256e884c64e', '07369b3a-0ff6-4ea4-b54d-25e81f1f6021', 94, 0, 0, 0, 135),
	('e491d9ac-a318-4af8-a44a-ca14190304c9', 'a6b71931-9a18-40cf-8fef-a3b870ecdb18', 64, 3, 1, 0, 69),
	('e8427b80-4483-44e5-af3f-3be7352823b3', 'a6b71931-9a18-40cf-8fef-a3b870ecdb18', 65, 3, 1, 0, 71),
	('e944f67a-e4f5-416c-b743-1403b9122d42', 'e73c7dc0-f22e-46a2-b5f0-49a7cee21a31', 78, 3, 0, 0, 98),
	('ec9d06f2-0327-4c3c-accb-64af2494578f', 'e73c7dc0-f22e-46a2-b5f0-49a7cee21a31', 75, 3, 0, 0, 95),
	('ee95978f-3565-4b27-8363-57980c0d0c1a', 'a6b71931-9a18-40cf-8fef-a3b870ecdb18', 59, 3, 1, 0, 64),
	('ef5c955d-60c9-4cf3-9fe4-1cbbef88991a', '3419442e-93fd-4416-9d2c-abd6d3132dea', 4, 2, 1, 0, 5),
	('effd3c79-2201-422f-95af-967753f50cd0', '5bc8bd16-7641-49ea-81d9-6fd2fce2c016', 33, 3, 1, 0, 31),
	('f06fda6c-acfc-4564-a312-e6cb0e577bba', '46406be5-9055-4267-a02f-441f70e846fe', 178, 14, 1, 0, 234),
	('f169a375-c4a3-4db6-a149-9df347dbd2d4', '46406be5-9055-4267-a02f-441f70e846fe', 208, 14, 1, 0, 268),
	('f2961c5c-2156-4ac1-a208-b308506cb00f', 'fe70d917-5f71-4529-bca1-1e832eacab8f', 134, 0, 0, 0, 185),
	('f57f0aae-8d44-452b-9d5a-2983d43873e6', '9273033e-1e90-4ff3-b3c4-64bc1883f31a', 21, 3, 1, 0, 20),
	('f6cd606e-1a76-4d4c-b32a-883136917292', '7ade3df6-e70c-42b6-bfd0-a45de7f68df4', 154, 4, 0, 0, 206),
	('f6ce5bff-b6bf-43ae-ad74-c5c001bd6b8b', 'fac7a315-1182-41cd-9846-a8901e1ae515', 89, 0, 0, 0, 131),
	('f6cf0fed-a4fc-4acd-89d3-db6c9260de8f', 'ca5fd3a5-84b4-46e4-8013-ad915c7d9918', 101, 8, 0, 0, 182),
	('f701f7ed-7261-4854-ae07-62681b9492df', 'a6b71931-9a18-40cf-8fef-a3b870ecdb18', 79, 3, 1, 0, 79),
	('f8540ab6-8230-4c91-9a5f-f63709bb02f8', '25c555e0-d587-4777-b1e3-623d868f9482', 50, 3, 1, 0, 59),
	('f875ae6f-07d3-4ab9-95c9-95242e8fabb8', '46406be5-9055-4267-a02f-441f70e846fe', 198, 14, 1, 0, 252),
	('f893d0eb-0972-4158-91f7-775df4703fe8', 'a6b71931-9a18-40cf-8fef-a3b870ecdb18', 85, 0, 1, 0, 84),
	('fb57a5ff-1a0d-44c1-98f6-79e9ded201b4', '25dad620-e524-44d3-bbdf-cfd300a82ff7', 74, 3, 0, 0, 102);
/*!40000 ALTER TABLE `certificaciones_colaboradores` ENABLE KEYS */;

-- Volcando estructura para tabla opem.colaboradores
DROP TABLE IF EXISTS `colaboradores`;
CREATE TABLE IF NOT EXISTS `colaboradores` (
  `id_col` int NOT NULL AUTO_INCREMENT,
  `paisdocumento_col` int NOT NULL DEFAULT '0',
  `tipodocumento_col` int NOT NULL DEFAULT '0',
  `numerodocumento_col` varchar(50) CHARACTER SET utf8 COLLATE utf8_spanish_ci NOT NULL DEFAULT '0',
  `nombres_col` varchar(200) CHARACTER SET utf8 COLLATE utf8_spanish_ci DEFAULT NULL,
  `apellidos_col` varchar(200) CHARACTER SET utf8 COLLATE utf8_spanish_ci DEFAULT NULL,
  `fechanacimiento_col` date DEFAULT NULL,
  `correopersonal_col` varchar(200) CHARACTER SET utf8 COLLATE utf8_spanish_ci DEFAULT NULL,
  `telefono_col` varchar(15) CHARACTER SET utf8 COLLATE utf8_spanish_ci DEFAULT NULL,
  `direccion_col` varchar(100) CHARACTER SET utf8 COLLATE utf8_spanish_ci DEFAULT NULL,
  `idemp_col` int DEFAULT NULL,
  `estado_col` int DEFAULT NULL,
  `terminos_col` int DEFAULT NULL,
  `cargo_col` varchar(100) COLLATE utf8_spanish_ci DEFAULT NULL,
  PRIMARY KEY (`id_col`),
  UNIQUE KEY `cedula` (`numerodocumento_col`,`tipodocumento_col`,`paisdocumento_col`),
  KEY `FK_colaboradores_empresa` (`idemp_col`),
  KEY `FK_colaboradores_pais` (`paisdocumento_col`),
  KEY `FK_colaboradores_tipodocumentos` (`tipodocumento_col`),
  CONSTRAINT `FK_colaboradores_empresa` FOREIGN KEY (`idemp_col`) REFERENCES `empresas` (`id_emp`),
  CONSTRAINT `FK_colaboradores_pais` FOREIGN KEY (`paisdocumento_col`) REFERENCES `pais` (`id_pais`),
  CONSTRAINT `FK_colaboradores_tipodocumentos` FOREIGN KEY (`tipodocumento_col`) REFERENCES `tipodocumentos` (`id_tipo`)
) ENGINE=InnoDB AUTO_INCREMENT=229 DEFAULT CHARSET=utf8mb3 COLLATE=utf8_spanish_ci;

-- Volcando datos para la tabla opem.colaboradores: ~207 rows (aproximadamente)
DELETE FROM `colaboradores`;
/*!40000 ALTER TABLE `colaboradores` DISABLE KEYS */;
INSERT INTO `colaboradores` (`id_col`, `paisdocumento_col`, `tipodocumento_col`, `numerodocumento_col`, `nombres_col`, `apellidos_col`, `fechanacimiento_col`, `correopersonal_col`, `telefono_col`, `direccion_col`, `idemp_col`, `estado_col`, `terminos_col`, `cargo_col`) VALUES
	(1, 1, 1, '1095811763', 'Jorge Enrique', 'Mojica', '1992-04-12', 'jorge.mojica92@gmail.com', '3175391309', 'calle falsa 123', 4, NULL, NULL, NULL),
	(2, 1, 1, '71383190', 'Lopez Ramirez ', 'Jorge Mario', NULL, 'sdfadsf', '1234562345', 'calle 124', 2, NULL, NULL, NULL),
	(3, 1, 1, '9915289', 'Juan Carlos', 'Marin Ramirez ', NULL, 'na', '1234565555', 'calle 125', 2, NULL, NULL, NULL),
	(4, 1, 1, '1042005364', 'Mendez Vidales ', 'Diego Alejandro', NULL, 'na', '1234563333', 'calle 126', 2, NULL, NULL, NULL),
	(5, 1, 1, '98711636', 'Ramirez Velasquez ', 'Juan Luis', NULL, 'na', '1234561111', 'calle 127', 2, NULL, NULL, NULL),
	(6, 1, 1, '1128399777', 'Rivas Restrepo ', 'Carlos Dario', NULL, 'na', '1234561111', 'calle 128', 2, NULL, NULL, NULL),
	(7, 1, 1, '1053782659', 'Uribe Lopez ', 'Raul Andres', NULL, 'na', '1234562132', 'calle 129', 2, NULL, NULL, NULL),
	(8, 1, 1, '1017181274', 'Vargas Ramirez ', 'Jorge Andres', NULL, 'na', '1234561111', 'calle 130', 2, NULL, NULL, NULL),
	(9, 1, 1, '1128264918', 'Zuluaga Urrea ', 'Ruben Dario', NULL, 'na', '1234561111', 'calle 131', 2, NULL, NULL, NULL),
	(10, 1, 1, '1152705350', 'Osorio Adarve ', 'Duvan Felipe', NULL, 'na', '1234561222', 'calle 132', 2, NULL, NULL, NULL),
	(11, 1, 1, '1192725392', 'frank Sneyder ', 'Rubio Canabal', NULL, 'na', '1234566655', 'calle 133', 3, NULL, NULL, NULL),
	(12, 1, 1, '1098628165', 'Jhonnathan Julian ', 'Ramirez Suarez', NULL, 'na', '1234561111', 'calle 134', 3, NULL, NULL, NULL),
	(13, 1, 1, '1098722738', 'Diego Fabian ', 'Suarez orduz', NULL, 'na', '1234567894', 'calle 135', 3, NULL, NULL, NULL),
	(14, 1, 1, '1098612967', 'Edinson Alfonso ', 'Traslaviña Garcia', NULL, 'na', '1234561111', 'calle 136', 3, NULL, NULL, NULL),
	(15, 1, 1, '1095822252', 'Jhon Alexander ', 'Montaña Lopez', NULL, 'na', '1234561111', 'calle 137', 3, NULL, NULL, NULL),
	(16, 1, 1, '1098662062', 'Jhonathan Fabian ', 'Lozada Reyes', NULL, 'na', '1234562222', 'calle 138', 3, NULL, NULL, NULL),
	(17, 1, 1, '1102368463', 'Luis Carlos ', 'Pimiento Jaimes', NULL, 'na', '1234562222', 'calle 139', 3, NULL, NULL, NULL),
	(18, 1, 1, '1098624629', 'Sergio Eduardo ', 'Chacon Monsalve', NULL, 'na', '1234561234', 'calle 140', 3, NULL, NULL, NULL),
	(19, 1, 1, '72273551', 'Luis  ', 'Ramos Mejia', NULL, 'na', '1234561234', 'calle 141', 3, NULL, NULL, NULL),
	(20, 1, 1, '1098700758', 'Jose Luis ', 'Florez Villamizar', NULL, 'na', '1234561234', 'calle 142', 3, NULL, NULL, NULL),
	(21, 1, 1, '91527580', 'Sergio ', 'Medina Torres', NULL, 'na', '1234561234', 'calle 143', 3, NULL, NULL, NULL),
	(22, 1, 1, '1100895232', 'JOSE JOAQUIN ', 'RINCON CACERES', NULL, 'na', '1234562222', 'calle 144', 3, NULL, NULL, NULL),
	(23, 1, 1, '15508881', 'EDILBERTO', 'RENDON', NULL, 'na', '1234561111', 'calle 145', 3, NULL, NULL, NULL),
	(24, 1, 1, '70139816', 'JORGE BALMORY ', 'MENESES DUQUE', NULL, 'na', '1234561111', 'calle 146', 3, NULL, NULL, NULL),
	(25, 1, 1, '70137293', 'WILSON ANTONIO ', 'RAVE CASTRILLON', NULL, 'na', '1234561111', 'calle 147', 3, NULL, NULL, NULL),
	(26, 1, 1, '98500257', 'LUIS GUILLERMO ', 'ZAPATA HOLGUIN', NULL, 'na', '1234561111', 'calle 148', 3, NULL, NULL, NULL),
	(27, 1, 1, '1152463776', 'YOJAN ESNEIDER ', 'ECHEVERRI ZAPATA', NULL, 'na', '1234561111', 'calle 149', 3, NULL, NULL, NULL),
	(28, 1, 1, '1017129684', 'ORLANDO ', 'JARA CORDOBA', NULL, 'na', '1234561111', 'calle 150', 3, NULL, NULL, NULL),
	(29, 1, 1, '98480633', 'JULIO CESAR ', 'LONDOÑO RODRIGUEZ', NULL, 'na', '1234561111', 'calle 151', 3, NULL, NULL, NULL),
	(30, 1, 1, '93386896', 'LUIS YAIR ', 'SANCHEZ GUERRERO', NULL, 'na', '1234561111', 'calle 152', 3, NULL, NULL, NULL),
	(31, 1, 1, '1110448624', 'NIXON ARMANDO ', 'SANCHEZ GUERRERO', NULL, 'na', '1234561111', 'calle 153', 3, NULL, NULL, NULL),
	(32, 1, 1, '1056783024', 'CESAR AUGUSTO ', 'PLATA GOMEZ', NULL, 'na', '1234561111', 'calle 154', 3, NULL, NULL, NULL),
	(33, 1, 1, '1013650399', 'SERGIO ALBERTO ', 'MONTOYA RODRIGUEZ', NULL, 'na', '1234561111', 'calle 155', 3, NULL, NULL, NULL),
	(34, 1, 1, '1057413007', 'SEBASTIAN ', 'PULIDO MORA', NULL, 'na', '1234561111', 'calle 156', 3, NULL, NULL, NULL),
	(35, 1, 1, '1015461707', 'SERGIO MIGUEL ', 'MENDEZ RUIZ', NULL, 'na', '1234561111', 'calle 157', 3, NULL, NULL, NULL),
	(36, 1, 1, '91430568', 'JAVIER ENRIQUE ', 'SANABRIA MULFORD', NULL, 'na', '1234561111', 'calle 158', 3, NULL, NULL, NULL),
	(37, 1, 1, '1110516748', 'OSCAR ALVEIRO ', 'FORERO MOGOLLON', NULL, 'na', '1234561111', 'calle 159', 3, NULL, NULL, NULL),
	(38, 1, 1, '13571257', 'JAIRO NEL', 'PEÑA LERMA', NULL, 'na', '1234561111', 'calle 160', 3, NULL, NULL, NULL),
	(39, 1, 1, '15371010', 'JUAN ESTEBAN ', 'HOYOS CORREA', NULL, 'na', '1234561111', 'calle 161', 3, NULL, NULL, NULL),
	(40, 1, 1, '71318945', 'GABRIEL ', 'JAIME IBARRA', NULL, 'na', '1234561111', 'calle 162', 3, NULL, NULL, NULL),
	(41, 1, 1, '98628440', 'ALEJANDRO ', 'SOSA ALVAREZ', NULL, 'na', '1234561111', 'calle 163', 3, NULL, NULL, NULL),
	(42, 1, 1, '79796119', 'JAVIER DE JESUS ', 'GRAJALES O', NULL, 'na', '1234561111', 'calle 164', 0, NULL, NULL, NULL),
	(43, 1, 1, '1098738015', 'NAYI YURANI ', 'BELTRAN ABRIL', NULL, 'na', '1234561234', 'calle 165', 3, NULL, NULL, NULL),
	(44, 1, 1, '1082928644', 'NATALIA JULIETH ', 'QUICENO GONZALEZ', NULL, 'na', '1234561111', 'calle 166', 3, NULL, NULL, NULL),
	(45, 1, 1, '1018417055', 'JUAN DAVID ', 'ALARCON RIVERA', NULL, 'na', '1234561111', 'calle 167', 3, NULL, NULL, NULL),
	(46, 1, 1, '80829910', 'JHON FREDY ', 'GARZON ARIAS', NULL, 'na', '1234561111', 'calle 168', 3, NULL, NULL, NULL),
	(47, 1, 1, '1102368827', 'GABRIEL FERNANDO ', 'GUEVARA ANGARITA', NULL, 'na', '1234561234', 'calle 169', 3, NULL, NULL, NULL),
	(48, 1, 1, '91524968', 'CARLOS ', 'ANDRES JAIMES', NULL, 'na', '1234561234', 'calle 170', 3, NULL, NULL, NULL),
	(49, 1, 1, '1152694585', 'DIEGO ALEJANDRO ', 'ROJAS LONDOÑO', NULL, 'na', '1234561111', 'calle 171', 3, NULL, NULL, NULL),
	(50, 1, 1, '70325740', 'JHON JAIRO ', 'LONDOÑO RUIZ', NULL, 'na', '1234561111', 'calle 172', 3, NULL, NULL, NULL),
	(51, 1, 1, '11720211', 'ERNESTO WILLIAN ', 'ANDRADES PALACIOS', NULL, 'na', '1234561111', 'calle 173', 0, NULL, NULL, NULL),
	(52, 1, 1, '14323600', 'JOSE OSCAR ', 'DIAZ NUÑEZ', NULL, 'na', '1234561111', 'calle 174', 3, NULL, NULL, NULL),
	(53, 1, 1, '1017254592', 'NENYIS PAOLA ', 'AVILA VELASQUEZ', NULL, 'na', '1234561111', 'calle 175', 3, NULL, NULL, NULL),
	(54, 1, 1, '7721569', 'HECTOR FAVIO ', 'GUZMAN CARDOZO', NULL, 'na', '1234561234', 'calle 176', 3, NULL, NULL, NULL),
	(55, 1, 1, '1111198763', 'JEISSON EDUARDO ', 'ARBOLEDA BARRIOS', NULL, 'na', '1234561234', 'calle 177', 3, NULL, NULL, NULL),
	(56, 1, 1, '43611136', 'CLAUDIA ', 'PATRICIA AREIZA', NULL, 'na', '1234561111', 'calle 178', 4, NULL, NULL, NULL),
	(57, 1, 1, '1037602937', 'CYNDY ELENA ', 'QUINTERO PARRA', NULL, 'na', '1234561111', 'calle 179', 4, NULL, NULL, NULL),
	(58, 1, 1, '1082932644', 'NATALIA JULIETH ', 'QUICENO GONZALEZ', NULL, 'na', '1234561111', 'calle 180', 4, NULL, NULL, NULL),
	(59, 1, 1, '1092357946', 'BREYNER GUSTAVO ', 'GOYENECHE MARTINEZ', NULL, 'na', '1234561111', 'calle 181', 3, NULL, NULL, NULL),
	(60, 1, 1, '1003204269', 'WILSON ', 'ORTEGA ORTEGA', NULL, 'na', '1234561111', 'calle 182', 3, NULL, NULL, NULL),
	(61, 1, 1, '1095941044', 'OSCAR FABIAN ', 'DIAZ LONDOÑO', NULL, 'na', '1234561111', 'calle 183', 3, NULL, NULL, NULL),
	(62, 1, 1, '17788271', 'ARLINSON ', 'GARCIA MONJE', NULL, 'na', '1234561111', 'calle 184', 3, NULL, NULL, NULL),
	(63, 1, 1, '1095942775', 'YEFERSON ARNULFO ', 'OLAVE DURAN', NULL, 'na', '1234561111', 'calle 185', 3, NULL, NULL, NULL),
	(64, 1, 1, '1017179461', 'ANDRES ', 'CAMILO ARBOLEDA', NULL, 'na', '1234561111', 'calle 186', 3, NULL, NULL, NULL),
	(65, 1, 1, '1214716528', 'YEISON ANDRES ', 'CASAS HENAO', NULL, 'na', '1234561111', 'calle 187', 3, NULL, NULL, NULL),
	(66, 1, 1, '1098659608', 'JORGE ALBERTO ', 'MENESES FIALLO', NULL, 'na', '1234561111', 'calle 188', 3, NULL, NULL, NULL),
	(67, 1, 1, '1095931197', 'JEFFERSON ', 'VEGA ROJAS', NULL, 'na', '1234561111', 'calle 189', 0, NULL, NULL, NULL),
	(68, 1, 1, '1017209975', 'JEYSON STYVEN ', 'VELEZ LONDOÑO', NULL, 'na', '1234561111', 'calle 190', 4, NULL, NULL, NULL),
	(69, 1, 1, '91523846', 'FREDY ARMANDO ', 'CORONEL PABON', NULL, 'na', '1234561111', 'calle 191', 3, NULL, NULL, NULL),
	(70, 1, 1, '98569080', 'JHON FELIX ', 'SALDARRIAGA MONA', NULL, 'na', '1234561111', 'calle 192', 3, NULL, NULL, NULL),
	(71, 1, 1, '77081839', 'YEISON ', 'PINEDA MALDONADO', NULL, 'na', '1234561111', 'calle 193', 0, NULL, NULL, NULL),
	(72, 1, 1, '13169257', 'JAVIER ENRIQUE ', 'ALVAREZ CASTRO', NULL, 'na', '1234561111', 'calle 194', 0, NULL, NULL, NULL),
	(73, 1, 1, '77095930', 'YUSY ', 'MACHADO ARQUEZ', NULL, 'na', '123456', 'calle 195', 0, NULL, NULL, NULL),
	(74, 1, 1, '1128266293', 'JHONATAN PABLO ', 'LUGO RESTREPO', NULL, 'na', '1234561111', 'calle 196', 3, NULL, NULL, NULL),
	(75, 1, 1, '1120869692', 'DARWIN ALEXANDER ', 'ACERO JIMENEZ', NULL, 'na', '1234561111', 'calle 197', 3, NULL, NULL, NULL),
	(76, 1, 1, '1096220780', 'JEFFERSON ', 'SAMPAYO CARDENAS', NULL, 'na', '1234561111', 'calle 198', 3, NULL, NULL, NULL),
	(77, 1, 1, '1063302413', 'CRISTIAN CAMILO ', 'VILLERA LEZCANO', NULL, 'na', '1234561111', 'calle 199', 3, NULL, NULL, NULL),
	(78, 1, 1, '72242526', 'ORLANDO ', 'ZUÑIGA FLOREZ', NULL, 'na', '1234561111', 'calle 200', 3, NULL, NULL, NULL),
	(79, 1, 1, '1098729364', 'JESUS ALBERTO ', 'RINCON BARON', NULL, 'na', '1234561111', 'calle 201', 3, NULL, NULL, NULL),
	(80, 1, 1, '12646735', 'CESAR AUGUSTO ', 'BARRERA ROBLES', NULL, 'na', '1234561111', 'calle 202', 0, NULL, NULL, NULL),
	(81, 1, 1, '12502390', 'ROBERTO DE JESUS ', 'SALAZAR ALVARADO', NULL, 'na', '1234561111', 'calle 203', 0, NULL, NULL, NULL),
	(82, 1, 1, '1095928095', 'LEIDY CAROLINA ', 'ARENAS RODRIGUEZ', NULL, 'karolarenas19@hotmail.com ', '3164488617', 'bucaramanga', 5, NULL, NULL, NULL),
	(83, 1, 1, '71594191', 'HERNAN DARIO ', 'TASCON MIRANDA', NULL, 'na', '1234561111', 'calle 205', 6, NULL, NULL, NULL),
	(84, 1, 1, '71685262', 'DIEGO MAURICIO ', 'GUERRA MORENO', NULL, 'na', '1234561111', 'calle 206', 6, NULL, NULL, NULL),
	(85, 1, 1, '25233887', 'DORA EMERCY ', 'SALAZAR HERNANDEZ', NULL, 'na', '1234561111', 'calle 207', 0, NULL, NULL, NULL),
	(86, 1, 1, '13379699', 'JESUS EVELIO ', 'RIOS VERJEL', NULL, 'na', '123456', 'calle 208', 0, NULL, NULL, NULL),
	(87, 1, 1, '80472488', 'HERNAN ', 'VENEGAS MARTINEZ', NULL, 'na', '1234561111', 'calle 209', 3, NULL, NULL, NULL),
	(88, 1, 1, '71273209', 'OSCAR ALEXIS ', 'CASTRO BEDOYA', NULL, 'na', '1234561111', 'calle 210', 6, NULL, NULL, NULL),
	(89, 1, 1, '91539177', 'JORGE ', 'JAIMES AVILA', NULL, 'na', '1234561111', 'calle 211', 0, NULL, NULL, NULL),
	(90, 1, 1, '1023902957', 'LIZETH JOHANA ', 'UNIBIO LEON', NULL, 'na', '1234561111', 'calle 212', 2, NULL, NULL, NULL),
	(91, 1, 1, '1002364212', 'ANGIE CAROLINE ', 'DIAZ LOZANO', NULL, 'na', '1234561111', 'calle 213', 2, NULL, NULL, NULL),
	(92, 1, 1, '71686035', 'ARCANGEL DE JESUS ', 'SILVA MESA', NULL, 'na', '1234561111', 'calle 214', 6, NULL, NULL, NULL),
	(93, 1, 1, '71379920', 'JOHN JAIRO ', 'DIEZ AGUIRRE', NULL, 'na', '1234561111', 'calle 215', 6, NULL, NULL, NULL),
	(94, 1, 1, '1091663102', 'YIMER JOSE ', 'SALAZAR SALAZAR', NULL, 'na', '1234561111', 'calle 216', 0, NULL, NULL, NULL),
	(95, 1, 1, '91298742', 'CARLOS EMIRO ', 'FLORIAN JIMENEZ', NULL, 'na', '1234561111', 'calle 217', 7, NULL, NULL, NULL),
	(96, 1, 1, '1052404020', 'JESSICA CATHERINE ', 'HIGUERA VARGAS', NULL, 'na', '1234561111', 'calle 218', 2, NULL, NULL, NULL),
	(97, 1, 1, '1056552854', 'YENIFER KATERIN ', 'ROMAN GOYENECHE', NULL, 'na', '1234561111', 'calle 219', 2, NULL, NULL, NULL),
	(98, 1, 1, '88281760', 'LUIS CARLOS ', 'VERGEL CLARO', NULL, 'na', '1234561111', 'calle 220', 0, NULL, NULL, NULL),
	(99, 1, 1, '1005196248', 'PEDRO ', 'EULISES NIEVES', NULL, 'na', '1234561111', 'calle 221', 0, NULL, NULL, NULL),
	(100, 1, 1, '1030584844', 'ARTURO ANDREY ', 'PUENTES PEÑATE', NULL, 'na', '1234561111', 'calle 222', 0, NULL, NULL, NULL),
	(101, 1, 1, '1143369580', 'LEONARDO ', 'ZARCA CATALAN', NULL, 'na', '1234561111', 'calle 223', 8, NULL, NULL, NULL),
	(102, 1, 1, '1098623167', 'INGRID JOHANNA ', 'CORDOBA FLOREZ', NULL, 'na', '1234561111', 'calle 224', 8, NULL, NULL, NULL),
	(103, 1, 1, '91216063', 'ALVARO ENRIQUE ', 'REYES GONZALEZ', NULL, 'na', '1234561111', 'calle 225', 9, NULL, NULL, NULL),
	(104, 1, 1, '13929350', 'CARLOS YESID ', 'BETANCOURTH FLOREZ', NULL, 'na', '1234561111', 'calle 226', 9, NULL, NULL, NULL),
	(105, 1, 1, '91511291', 'DAVID ALBERTO ', 'DIAZ JAIMES', NULL, 'na', '1234561111', 'calle 227', 9, NULL, NULL, NULL),
	(106, 1, 1, '1098688792', 'DIEGO FERNANDO ', 'SUAREZ ORDUZ', NULL, 'na', '1234561111', 'calle 228', 9, NULL, NULL, NULL),
	(107, 1, 1, '88273432', 'EDER GEOVANNY ', 'MORENO RODRIGUEZ', NULL, 'na', '1234561111', 'calle 229', 9, NULL, NULL, NULL),
	(108, 1, 1, '91160244', 'EDISON HUMBERTO ', 'CORDERO BARAJAS', NULL, 'na', '1234561111', 'calle 230', 9, NULL, NULL, NULL),
	(109, 1, 1, '1095915076', 'FERNANDO ', 'PINZON LOPEZ', NULL, 'na', '1234561111', 'calle 231', 9, NULL, NULL, NULL),
	(110, 1, 1, '91152257', 'GABRIEL ', 'GOMEZ ALMEIDA', NULL, 'na', '1234561111', 'calle 232', 9, NULL, NULL, NULL),
	(111, 1, 1, '3925018', 'GERMAN ', 'HERAZO REVUELTAS', NULL, 'na', '1234561111', 'calle 233', 9, NULL, NULL, NULL),
	(112, 1, 1, '91161502', 'HERNAN DARIO ', 'VARGAS GARCIA', NULL, 'na', '1234561111', 'calle 234', 9, NULL, NULL, NULL),
	(113, 1, 1, '91161413', 'JORGE ARMANDO ', 'PEDRAZA HERNANDEZ', NULL, 'na', '1234561111', 'calle 235', 9, NULL, NULL, NULL),
	(114, 1, 1, '91242341', 'JOSE ANTONIO ', 'PORRAS ESTEVEZ', NULL, 'na', '1234561111', 'calle 236', 9, NULL, NULL, NULL),
	(115, 1, 1, '1098786433', 'JUAN DAVID ', 'GUALDRON NIETO', NULL, 'na', '1234561111', 'calle 237', 9, NULL, NULL, NULL),
	(116, 1, 1, '1232889456', 'LUIS FERNANDO ', 'MANTILLA SILVA', NULL, 'na', '1234561111', 'calle 238', 9, NULL, NULL, NULL),
	(117, 1, 1, '91541762', 'LUSBIN YAHIR ', 'MELGAREJO MALDONADO', NULL, 'na', '1234561111', 'calle 239', 9, NULL, NULL, NULL),
	(118, 1, 1, '1098734397', 'MAYCOL LEON ', 'JAIMES CARVAJAL', NULL, 'na', '1234561111', 'calle 240', 9, NULL, NULL, NULL),
	(119, 1, 1, '1096955590', 'MICHEL STEVENT ', 'ANAYA CACERES', NULL, 'na', '1234561111', 'calle 241', 9, NULL, NULL, NULL),
	(120, 1, 1, '91156366', 'RAUL ', 'JAIMES PORRAS', NULL, 'na', '123456', 'calle 242', 0, NULL, NULL, NULL),
	(121, 1, 1, '1104125132', 'VICTOR ALFONSO ', 'ANAYA LEON', NULL, 'na', '1234561111', 'calle 243', 9, NULL, NULL, NULL),
	(122, 1, 1, '91517414', 'OSCAR ALBERTO ', 'SANCHEZ BAYONA', NULL, 'na', '1234561111', 'calle 244', 10, NULL, NULL, NULL),
	(123, 1, 1, '13538132', 'GUILLERMO ALEXANDER ', 'CADENA VELASCO', NULL, 'na', '1234561111', 'calle 245', 10, NULL, NULL, NULL),
	(124, 1, 1, '1129500401', 'DAYANA ISABEL ', 'CAMARGO JULIO', NULL, 'na', '1234561111', 'calle 246', 0, NULL, NULL, NULL),
	(125, 1, 1, '1099368398', 'PEDRO JAVIER ', 'SILVA PADILLA', NULL, 'na', '1234561111', 'calle 247', 10, NULL, NULL, NULL),
	(126, 1, 1, '1099375354', 'JHON ALEXANDER ', 'LOZANO GARCIA', NULL, 'na', '1234561111', 'calle 248', 10, NULL, NULL, NULL),
	(127, 1, 1, '1005157494', 'HERMES ANDRES ', 'RUEDA GARCIA', NULL, 'na', '1234561111', 'calle 249', 10, NULL, NULL, NULL),
	(128, 1, 1, '91453143', 'ALEXANDER ', 'LOPEZ HERNANDEZ', NULL, 'na', '1234561111', 'calle 250', 0, NULL, NULL, NULL),
	(129, 1, 1, '1039447017', 'ANDRES ESTEBAN ', 'RESTREPO ECHAVARRIA', NULL, 'na', '1234561111', 'calle 251', 6, NULL, NULL, NULL),
	(130, 1, 1, '1100968092', 'OMAR YESID ', 'FIGUEROA AVILA', NULL, 'na', '1234561111', 'calle 252', 0, NULL, NULL, NULL),
	(131, 1, 1, '91495136', 'EDWIN ORTIZ DE ', 'LA ROSA', NULL, 'na', '1234561111', 'calle 253', 8, NULL, NULL, NULL),
	(132, 1, 1, '63551117', 'ANDREA DEL PILAR ', 'SERRANO JAIME', NULL, 'na', '1234561111', 'calle 254', 0, NULL, NULL, NULL),
	(133, 1, 1, '5605371', 'ARMANDO ', 'ROJAS CONTRERAS', NULL, 'na', '1234561111', 'calle 255', 0, NULL, NULL, NULL),
	(134, 1, 1, '1082883012', 'EDWIN JOSE ', 'VELASQUEZ SOLANO', NULL, 'na', '1234561111', 'calle 256', 0, NULL, NULL, NULL),
	(135, 1, 1, '1101340275', 'ASTRID CAROLINA ', 'LIZCANO GAMBOA', NULL, 'na', '1234561111', 'calle 257', 0, NULL, NULL, NULL),
	(136, 1, 1, '13544772', 'JOHANNY BERNARDO ', 'RANGEL DIAZ', NULL, 'na', '1234561111', 'calle 258', 0, NULL, NULL, NULL),
	(137, 1, 1, '1098741364', 'JOHANA ', 'VILLAMIZAR RODRIGUEZ', NULL, 'na', '1234561111', 'calle 259', 0, NULL, NULL, NULL),
	(138, 1, 1, '1098699970', 'JHON ALEXANDER ', 'LANDAZABAL ARIAS', NULL, 'na', '1234561111', 'calle 260', 0, NULL, NULL, NULL),
	(139, 1, 1, '1090397608', 'FABIAN ANDRES ', 'HERNANDEZ DAZA', NULL, 'na', '123456', 'calle 261', 0, NULL, NULL, NULL),
	(140, 1, 1, '1214735345', 'ANDRES FELIPE ', 'TABARES SUAREZ ', NULL, 'na', '1234561111', 'calle 262', 2, NULL, NULL, NULL),
	(141, 1, 1, '71796796', 'JUAN CARLOS ', 'HERRERA ALZATE', NULL, 'na', '1234561111', 'calle 263', 2, NULL, NULL, NULL),
	(142, 1, 1, '70525217', 'JOSE FRANCISCO ', 'HERNANDEZ ARRIETA', NULL, 'na', '1234561111', 'calle 264', 0, NULL, NULL, NULL),
	(143, 1, 1, '63541465', 'ELIZABETH ', 'VILLARREAL GARAVITO', NULL, 'na', '1234561111', 'calle 265', 8, NULL, NULL, NULL),
	(144, 1, 1, '1012382310', 'JEISON ALEXANDER ', 'GAMBA VALLEJO', NULL, 'na', '1234561111', 'calle 266', 4, NULL, NULL, NULL),
	(145, 1, 1, '1143432472', 'KELLY JOHANNA ', 'CASTRO CANTILLO', NULL, 'na', '1234561111', 'calle 267', 8, NULL, NULL, NULL),
	(146, 1, 1, '8507294', 'OMAR JESUS CARRILLO DE ', 'LA ROSA', NULL, 'na', '1234561111', 'calle 268', 2, NULL, NULL, NULL),
	(147, 1, 1, '91277632', 'JAVIER', 'ALARCON', NULL, 'na', '1234561111', 'calle 269', 8, NULL, NULL, NULL),
	(148, 1, 1, '88138706', 'LUIS FELIPE ', 'TORRADO VELASQUEZ', NULL, 'na', '1234561111', 'calle 270', 0, NULL, NULL, NULL),
	(149, 1, 1, '1041325196', 'JESUS ANDRES ', 'MONSALVE SALAZAR', NULL, 'na', '1234561231', 'calle 271', 2, NULL, NULL, NULL),
	(150, 1, 1, '71796068', 'JUAN CAMILO ', 'FLOREZ GALLEGO', NULL, 'na', '123456', 'calle 272', 0, NULL, NULL, NULL),
	(151, 1, 1, '71295555', 'JOHN ALEXANDER ', 'VANEGAS TORO', NULL, 'na', '1234561111', 'calle 273', 2, NULL, NULL, NULL),
	(152, 1, 1, '63556646', 'JAZMIN ROCIO ', 'CELY ARIAS', NULL, 'na', '1234561111', 'calle 274', 4, NULL, NULL, NULL),
	(153, 1, 1, '63559400', 'LUZ EMIR ', 'QUINTERO BACCA', NULL, 'na', '1234561111', 'calle 275', 4, NULL, NULL, NULL),
	(154, 1, 1, '1007027275', 'NINIBETH MARISELA ', 'CASTELLANOS GELVEZ', NULL, 'na', '1234561111', 'calle 276', 4, NULL, NULL, NULL),
	(155, 1, 1, '13373751', 'JOSE DE DIOS ', 'SOLANO URQUIJO', NULL, 'na', '1234561111', 'calle 277', 0, NULL, NULL, NULL),
	(175, 1, 1, '1095824338', 'Henrry Leonardo', 'Mojica Martinez', '1995-05-25', 'hleomojica@gmail.com', '3175391309', 'AU merburne calle 666', 4, 1, 1, NULL),
	(176, 1, 1, '1095808658', 'NEL ALEJANDRO', 'ANGULO RONDON', '1991-04-20', 'nealanro@gmail.com', '3185276011', 'San Alonso cra 31 21 10 apto 201', 4, 0, 1, NULL),
	(177, 1, 1, '1095807075', 'JUAN JOSE', 'SOLANO MEZA', '1990-12-01', 'juanj.sm@hotmail.com', '3142731331', 'Av. Qseca #33-130 apto 803  Ed Favuis - Bucaramanga', 4, 0, 1, NULL),
	(178, 1, 1, '1095918499', 'JORGE IVÁN', 'ALBARRACÍN ARDILA', '1970-01-01', 'na', '0123456789', 'cra 2', 14, 1, 1, NULL),
	(179, 1, 1, '1102349283', 'MAURICIO', 'ALMEIDA ALMEIDA ', '1970-01-01', 'na', '0', 'cra 2', 14, 1, 1, NULL),
	(180, 1, 1, '1101206245', 'EDINSON ', 'ALVAREZ JAIME', '1970-01-01', 'na', '0', 'cra 2', 14, 1, 1, NULL),
	(181, 1, 1, '1098652828', 'DAVID HERNANDO', 'ALVAREZ PATIÑO ', '1970-01-01', 'na', '0', 'cra 2', 14, 1, 1, NULL),
	(182, 1, 1, '91184595', 'FREDY', 'ANGARITA DUARTE', '1970-01-01', 'na', '0', 'cra 2', 14, 1, 1, NULL),
	(183, 1, 1, '91524792', 'YESID ALFREDO', 'BARBOSA NORIEGA ', '1970-01-01', 'na', '0', 'cra 2', 14, 1, 1, NULL),
	(184, 1, 1, '1125229896', 'FREDDY JHOAN', 'BASTO MOJICA ', '1970-01-01', 'na', '0', 'cra 2', 14, 1, 1, NULL),
	(185, 1, 1, '1098702683', 'JOHAN SEBASTIAN ', 'DELGADO BOHORQUEZ', '1970-01-01', 'na', '0', 'cra 2', 14, 1, 1, NULL),
	(186, 1, 1, '1007382919', 'JORGE LUIS', 'DIAZ ARENAS', '1970-01-01', 'na', '0', 'cra 2', 14, 1, 1, NULL),
	(187, 1, 1, '52587485', 'ALEXANDRA', 'DOMÍNGUEZ PUENTES ', '1970-01-01', 'na', '0', 'cra 2', 14, 1, 1, NULL),
	(188, 1, 1, '1095809732', 'JORGE YESID ', 'FIGUEROA PEÑA', '1970-01-01', 'na', '0', 'cra 2', 14, 1, 1, NULL),
	(189, 1, 1, '1124028728', 'OMAR ALFREDO', 'GIL DIAZ', '1970-01-01', 'na', '0', 'cra 2', 14, 1, 1, NULL),
	(190, 1, 1, '1095922907', 'RICARDO ARTURO', 'GOMEZ CAMACHO ', '1970-01-01', 'na', '0', 'cra 2', 14, 1, 1, NULL),
	(191, 1, 1, '1104069340', 'JHON JAVIER', 'GONZALEZ CAICEDO', '1970-01-01', 'na', '0', 'cra 2', 14, 1, 1, NULL),
	(192, 1, 1, '91351992', 'HÉCTOR JULIO', 'GÓMEZ SUÁREZ', '1970-01-01', 'na', '0', 'cra 2', 14, 1, 1, NULL),
	(193, 1, 1, '91268649', 'LUIS GREGORIO', 'GUERRERO CALDERÓN', '1970-01-01', 'na', '0', 'cra 2', 14, 1, 1, NULL),
	(194, 1, 1, '91263132', 'JAVIER ENRIQUE', 'HERRERA SOLANO', '1970-01-01', 'na', '0', 'cra 2', 14, 1, 1, NULL),
	(195, 1, 1, '1102362378', 'EDISON', 'JAIMES RINCÓN', '1970-01-01', 'na', '0', 'cra 2', 14, 1, 1, NULL),
	(196, 1, 1, '88214827', 'FREDY ALEXI', 'LUNA ANAYA ', '1970-01-01', 'na', '0', 'cra 2', 14, 1, 1, NULL),
	(197, 1, 1, '1096223634', 'EDWAR ALONSO', 'MENESES OSORIO ', '1970-01-01', 'na', '0', 'cra 2', 14, 1, 1, NULL),
	(198, 1, 1, '1127343233', 'GERARDO FABIAN', 'MENESES GOMEZ', '1970-01-01', 'na', '0', 'cra 2', 14, 1, 1, NULL),
	(199, 1, 1, '1098830046', 'JOSE ANGEL', 'NAVARRO CASANOVA', '1970-01-01', 'na', '0', 'cra 2', 14, 1, 1, NULL),
	(200, 1, 1, '1098260983', 'LUIS CARLOS', 'NIÑO NIÑO ', '1970-01-01', 'na', '0', 'cra 2', 14, 1, 1, NULL),
	(201, 1, 1, '91222924', 'GONZALO ENRIQUE', 'OJEDA CAICEDO ', '1970-01-01', 'na', '0', 'cra 2', 14, 1, 1, NULL),
	(202, 1, 1, '37556186', 'HELGA CONSUELO', 'OLAYA RODRIGUEZ', '1970-01-01', 'na', '0', 'cra 2', 14, 1, 1, NULL),
	(203, 1, 1, '1098611517', 'WILLINTON', 'ORTEGA HERNANDEZ', '1970-01-01', 'na', '0', 'cra 2', 14, 1, 1, NULL),
	(204, 1, 1, '1096200121', 'LUZ DANIELA', 'OTERO HURTADO', '1970-01-01', 'juanj.sm@hotmail.com', '3173890903', 'cra 2', 14, 1, 1, 'LIDER SST'),
	(205, 1, 1, '1098725122', 'EDINSON ALFREDO', 'ROJAS ARAUJO', '1970-01-01', 'na', '0', 'cra 2', 14, 1, 1, NULL),
	(206, 1, 1, '1098666589', 'ALVARO JAVIER ', 'ROJAS LOPEZ ', '1970-01-01', 'na', '0', 'cra 2', 14, 1, 1, NULL),
	(207, 1, 1, '1098737371', 'LUIS MIGUEL', 'SAAVEDRA ANAYA', '1970-01-01', 'na', '0', 'cra 2', 14, 1, 1, NULL),
	(208, 1, 1, '1095924983', 'JOSE EMILIO', 'SANABRIA ACOSTA ', '1970-01-01', 'na', '0', 'cra 2', 14, 1, 1, NULL),
	(209, 1, 1, '1098813469', 'JORGE JAHIR', 'SILVA SOLANO', '1970-01-01', 'na', '0', 'cra 2', 14, 1, 1, NULL),
	(210, 1, 1, '1102352276', 'FRANCISCO', 'TELLO DIAZ', '1970-01-01', 'na', '0', 'cra 2', 14, 1, 1, NULL),
	(211, 1, 1, '37713050', 'ÁNGELA MARÍA', 'TARAZONA MALAVER', '1970-01-01', 'na', '0', 'cra 2', 14, 1, 1, NULL),
	(212, 1, 1, '1096950563', 'JORGE ALIRIO ', 'TARAZONA MARTINEZ', '1970-01-01', 'na', '0', 'cra 2', 14, 1, 1, NULL),
	(213, 1, 1, '1098646626', 'JOHN ALEXANDER', ' VILLAMIL GARCIA ', '1970-01-01', '', '1234567890', 'cra 2', 14, 1, 1, NULL),
	(216, 1, 1, '1097608945', 'DIANA MARCELA', 'PLATA RUEBA', '2022-02-01', '', '0123456789', 'diag 15', 0, 0, 1, 'NA'),
	(217, 1, 1, '5641179', 'JAIME ', 'URIBE SANCHEZ', '2022-01-01', '', '0123456789', '', 0, 1, 1, ''),
	(218, 1, 1, '13635673', 'VICTOR ALFONSO', 'PLATA ADARME', '2022-02-01', '', '0123456789', '', 0, 1, 1, ''),
	(219, 1, 1, '37723640', 'LUDY YANEHT ', 'LOPEZ MUÑOZ', '2022-02-01', '', '0123456789', '', 0, 1, 1, ''),
	(220, 1, 1, '91524440', 'DIOMEDES ', 'NARANJO VEGA', '2022-02-01', '', '0123456789', '', 0, 1, 1, ''),
	(221, 1, 1, '91040724', 'PEDRO JULIO ', 'USECHE CEPEDA', '2022-02-01', '', '0123456789', '', 0, 1, 1, ''),
	(222, 1, 1, '5641117', 'RAMON ', 'AFANADOR', '2022-02-01', '', '0123456789', '', 0, 1, 1, ''),
	(223, 1, 1, '1097611385', 'MERCEDES', 'MARTINEZ CELIS', '2022-02-01', '', '0123456789', '', 0, 1, 1, ''),
	(224, 1, 1, '91429081', 'EVELIO', 'HERRERA QUIÑONES', '2022-02-01', '', '0123456789', '', 0, 1, 1, ''),
	(225, 1, 1, '1095956643', 'FABIO ANDRES ', 'MURALLAS MANCILLA', '2022-02-01', '', '0123456789', '', 0, 1, 1, ''),
	(226, 1, 1, '91180951', 'FABIO ', 'MURALLAS SANTOS ', '2022-02-01', '', '0123456789', '', 0, 1, 1, ''),
	(227, 1, 1, '1098678098', 'JORGE ERNESTO', 'AGUILAR', '2022-02-01', '', '0123456789', '', 0, 1, 1, ''),
	(228, 1, 1, '37559979', 'ELIZABETH', 'CELIS FLOREZ', '2022-02-01', '', '0123456789', '', 0, 1, 1, '');
/*!40000 ALTER TABLE `colaboradores` ENABLE KEYS */;

-- Volcando estructura para tabla opem.cuentaaccesos
DROP TABLE IF EXISTS `cuentaaccesos`;
CREATE TABLE IF NOT EXISTS `cuentaaccesos` (
  `id_cue` int NOT NULL AUTO_INCREMENT,
  `username_cue` varchar(50) CHARACTER SET utf8 COLLATE utf8_spanish_ci DEFAULT NULL,
  `password_cue` varchar(4000) CHARACTER SET utf8 COLLATE utf8_spanish_ci DEFAULT NULL,
  `idcolaborador_cue` int DEFAULT NULL,
  `idroles_cue` int DEFAULT NULL,
  `intentosbloqueo_cue` int DEFAULT NULL,
  PRIMARY KEY (`id_cue`) USING BTREE,
  UNIQUE KEY `USERNAME` (`username_cue`),
  UNIQUE KEY `COLABORADOR` (`idcolaborador_cue`),
  KEY `FK_cuentaacceso_roles` (`idroles_cue`) USING BTREE,
  KEY `FKUSER` (`idcolaborador_cue`) USING BTREE,
  CONSTRAINT `FK_cuentaacceso_colaboradores` FOREIGN KEY (`idcolaborador_cue`) REFERENCES `colaboradores` (`id_col`),
  CONSTRAINT `FK_cuentaacceso_roles` FOREIGN KEY (`idroles_cue`) REFERENCES `roles` (`id_rol`)
) ENGINE=InnoDB AUTO_INCREMENT=5 DEFAULT CHARSET=utf8mb3 COLLATE=utf8_spanish_ci;

-- Volcando datos para la tabla opem.cuentaaccesos: ~4 rows (aproximadamente)
DELETE FROM `cuentaaccesos`;
/*!40000 ALTER TABLE `cuentaaccesos` DISABLE KEYS */;
INSERT INTO `cuentaaccesos` (`id_cue`, `username_cue`, `password_cue`, `idcolaborador_cue`, `idroles_cue`, `intentosbloqueo_cue`) VALUES
	(1, '1095811763', '$2b$10$uS5ivjuAYGeG5L3vj7BLo.mnwW4FPqpqhjSl8O6cqimVn9grYxaP.', 1, 1, NULL),
	(2, '1095824338', '$2b$08$hqb/6e0yWEuPDgqKngw8je.vAoHokPU9Eet7ADTpU2jASWFbvZhxi', 175, 7, NULL),
	(3, '1095808658', '$2b$10$8Y/Ix4k9noHIa5tKefBSteu94T9O6Wx6eZoJOe/S3rO560yRQarwy', 176, 1, NULL),
	(4, '1095807075', '$2b$10$pVIIyqK6RBJhTRGKBG7hdOHqr0vXLRrKtPUAw4qhmFe5D7zxXvxAu', 177, 1, NULL);
/*!40000 ALTER TABLE `cuentaaccesos` ENABLE KEYS */;

-- Volcando estructura para tabla opem.cursos
DROP TABLE IF EXISTS `cursos`;
CREATE TABLE IF NOT EXISTS `cursos` (
  `id_cur` int NOT NULL AUTO_INCREMENT,
  `nombre_cur` varchar(200) CHARACTER SET utf8 COLLATE utf8_spanish_ci DEFAULT NULL,
  `descripcion_cur` varchar(2000) CHARACTER SET utf8 COLLATE utf8_spanish_ci DEFAULT NULL,
  `iniciales_cur` varchar(8) CHARACTER SET utf8 COLLATE utf8_spanish_ci DEFAULT NULL,
  PRIMARY KEY (`id_cur`)
) ENGINE=InnoDB AUTO_INCREMENT=15 DEFAULT CHARSET=utf8mb3 COLLATE=utf8_spanish_ci;

-- Volcando datos para la tabla opem.cursos: ~14 rows (aproximadamente)
DELETE FROM `cursos`;
/*!40000 ALTER TABLE `cursos` DISABLE KEYS */;
INSERT INTO `cursos` (`id_cur`, `nombre_cur`, `descripcion_cur`, `iniciales_cur`) VALUES
	(1, 'TRABAJO SEGURO EN CALIENTE', 'TRABAJO SEGURO EN CALIENTE', 'AAR-TC'),
	(2, 'TRABAJO SEGURO EN ENERGIAS PELIGORSAS "BLOQUEO Y ETIQUETADO"', 'TRABAJO SEGURO EN ENERGIAS PELIGORSAS "BLOQUEO Y ETIQUETADO"', 'AAR-EP'),
	(3, 'SEGURIDAD EN ESPACIOS CONFINADOS', 'SEGURIDAD EN ESPACIOS CONFINADOS', 'AAR-EC'),
	(4, 'MANEJO SEGURO DE HERRAMIENTA DE CORTE Y PULIDORA', 'MANEJO SEGURO DE HERRAMIENTA DE CORTE Y PULIDORA', 'AAR-CP'),
	(5, 'BRIGADA DE EMERGENCIA', 'Primeros Auxilios, evacuación y control del fuego', 'AAR-PE'),
	(6, 'SISTEMA DE GESTION DE SEGURIDAD Y SALUD EN EL TRABAJO - 50 HORAS', 'SISTEMA DE GESTION DE SEGURIDAD Y SALUD EN EL TRABAJO - 50 HORAS', 'SGSST'),
	(7, 'MANEJO SEGURO DE SUSTANCIAS PELIGROSAS', 'MANEJO SEGURO DE SUSTANCIAS PELIGROSAS', 'AAR-SP'),
	(8, 'GESTION ADMINISTRATIVA', 'GESTION ADMINISTRATIVA', 'GA'),
	(9, 'PEDAGOGIA AL ALCANCE DE PROFESIONALES NO LICENCIADOS', 'PEDAGOGIA AL ALCANCE DE PROFESIONALES NO LICENCIADOS', 'PD_'),
	(10, 'RESCATE EN ESPACIOS CONFINADOS', 'RESCATE EN ESPACIOS CONFINADOS', 'AAR_RC'),
	(11, 'FUMIGACION Y CONTROL DE PLAGAS', 'FUMIGACION Y CONTROL DE PLAGAS', 'AAR-FC'),
	(12, 'DESARROLLO DE ACCIONES ENCAMINADAS A LA BIOSEGURIDAD', 'RIESGO BIOLOGICO', 'BO'),
	(13, 'COMPORTAMIENTO SEGURO EN ACTIVIDADES DE TRABAJO/ COVID19', 'COMPORTAMIENTO SEGURO', 'CV'),
	(14, 'ATENCIÓN DE EMERGENCIAS - OBSERVADOR DE INCENDIOS', 'OBSERVADOR DE INCENDIOS', 'PE');
/*!40000 ALTER TABLE `cursos` ENABLE KEYS */;

-- Volcando estructura para tabla opem.departamentos
DROP TABLE IF EXISTS `departamentos`;
CREATE TABLE IF NOT EXISTS `departamentos` (
  `id_dep` int NOT NULL,
  `codigo_dep` int DEFAULT NULL,
  `nombre_dep` varchar(40) CHARACTER SET utf8 COLLATE utf8_spanish_ci DEFAULT NULL,
  `idpais_dep` int DEFAULT '1',
  PRIMARY KEY (`id_dep`) USING BTREE
) ENGINE=InnoDB DEFAULT CHARSET=utf8mb3 COLLATE=utf8_spanish_ci;

-- Volcando datos para la tabla opem.departamentos: ~33 rows (aproximadamente)
DELETE FROM `departamentos`;
/*!40000 ALTER TABLE `departamentos` DISABLE KEYS */;
INSERT INTO `departamentos` (`id_dep`, `codigo_dep`, `nombre_dep`, `idpais_dep`) VALUES
	(5, 5, 'ANTIOQUIA', 1),
	(8, 8, 'ATLANTICO', 1),
	(11, 11, 'BOGOTA', 1),
	(13, 13, 'BOLIVAR', 1),
	(15, 15, 'BOYACA', 1),
	(17, 17, 'CALDAS', 1),
	(18, 18, 'CAQUETA', 1),
	(19, 19, 'CAUCA', 1),
	(20, 20, 'CESAR', 1),
	(23, 23, 'CORDOBA', 1),
	(25, 25, 'CUNDINAMARCA', 1),
	(27, 27, 'CHOCO', 1),
	(41, 41, 'HUILA', 1),
	(44, 44, 'LA GUAJIRA', 1),
	(47, 47, 'MAGDALENA', 1),
	(50, 50, 'META', 1),
	(52, 52, 'NARIÑO', 1),
	(54, 54, 'N. DE SANTANDER', 1),
	(63, 63, 'QUINDIO', 1),
	(66, 66, 'RISARALDA', 1),
	(68, 68, 'SANTANDER', 1),
	(70, 70, 'SUCRE', 1),
	(73, 73, 'TOLIMA', 1),
	(76, 76, 'VALLE DEL CAUCA', 1),
	(81, 81, 'ARAUCA', 1),
	(85, 85, 'CASANARE', 1),
	(86, 86, 'PUTUMAYO', 1),
	(88, 88, 'SAN ANDRES', 1),
	(91, 91, 'AMAZONAS', 1),
	(94, 94, 'GUAINIA', 1),
	(95, 95, 'GUAVIARE', 1),
	(97, 97, 'VAUPES', 1),
	(99, 99, 'VICHADA', 1);
/*!40000 ALTER TABLE `departamentos` ENABLE KEYS */;

-- Volcando estructura para tabla opem.empresas
DROP TABLE IF EXISTS `empresas`;
CREATE TABLE IF NOT EXISTS `empresas` (
  `id_emp` int NOT NULL AUTO_INCREMENT,
  `nombre_emp` varchar(80) CHARACTER SET utf8 COLLATE utf8_spanish_ci DEFAULT NULL,
  `nit_emp` varchar(12) CHARACTER SET utf8 COLLATE utf8_spanish_ci DEFAULT NULL,
  `telefono_emp` varchar(11) CHARACTER SET utf8 COLLATE utf8_spanish_ci DEFAULT NULL,
  `correo_emp` varchar(200) CHARACTER SET utf8 COLLATE utf8_spanish_ci DEFAULT NULL,
  `direccion_emp` varchar(200) CHARACTER SET utf8 COLLATE utf8_spanish_ci DEFAULT NULL,
  `personacontacto_emp` varchar(200) CHARACTER SET utf8 COLLATE utf8_spanish_ci DEFAULT NULL,
  `numpersonacontacto_emp` varchar(15) CHARACTER SET utf8 COLLATE utf8_spanish_ci DEFAULT NULL,
  `correopersonacontacto_emp` varchar(100) CHARACTER SET utf8 COLLATE utf8_spanish_ci DEFAULT NULL,
  PRIMARY KEY (`id_emp`)
) ENGINE=InnoDB AUTO_INCREMENT=15 DEFAULT CHARSET=utf8mb3 COLLATE=utf8_spanish_ci;

-- Volcando datos para la tabla opem.empresas: ~14 rows (aproximadamente)
DELETE FROM `empresas`;
/*!40000 ALTER TABLE `empresas` DISABLE KEYS */;
INSERT INTO `empresas` (`id_emp`, `nombre_emp`, `nit_emp`, `telefono_emp`, `correo_emp`, `direccion_emp`, `personacontacto_emp`, `numpersonacontacto_emp`, `correopersonacontacto_emp`) VALUES
	(0, 'No Aplica', '0', '0', '', 'NA', 'NA', NULL, NULL),
	(2, 'SOLPAK S.A', NULL, NULL, NULL, NULL, NULL, NULL, NULL),
	(3, 'MAQUINADOS Y MONTAJES SAS', NULL, NULL, NULL, NULL, NULL, NULL, NULL),
	(4, 'OPEM SAS', NULL, NULL, NULL, NULL, NULL, NULL, NULL),
	(5, 'INDUTECMI SAS', NULL, NULL, NULL, NULL, NULL, NULL, NULL),
	(6, 'MAPER SA', NULL, NULL, NULL, NULL, NULL, NULL, NULL),
	(7, 'SANITUBOS', NULL, NULL, NULL, NULL, NULL, NULL, NULL),
	(8, 'SANITUBO MONTAJES', NULL, NULL, NULL, NULL, NULL, NULL, NULL),
	(9, 'FULHERS SERVICE', NULL, NULL, NULL, NULL, NULL, NULL, NULL),
	(10, 'GESTION METALMECANICA', NULL, NULL, NULL, NULL, NULL, NULL, NULL),
	(11, 'PETROMAC', NULL, NULL, NULL, NULL, NULL, NULL, NULL),
	(12, 'REINA DE ORO SAS', NULL, NULL, NULL, NULL, NULL, NULL, NULL),
	(13, 'MR SALCHICHA', NULL, NULL, NULL, NULL, NULL, NULL, NULL),
	(14, 'ALIMENTOS FINCA', '8955652', '695855', 'Daniela.otero@finca.co', 'ASDASDAD', 'DANIELA OTERO', '', 'Daniela.otero@finca.co');
/*!40000 ALTER TABLE `empresas` ENABLE KEYS */;

-- Volcando estructura para tabla opem.modulos
DROP TABLE IF EXISTS `modulos`;
CREATE TABLE IF NOT EXISTS `modulos` (
  `id_mod` int NOT NULL AUTO_INCREMENT,
  `nombre_mod` varchar(80) CHARACTER SET utf8 COLLATE utf8_spanish_ci DEFAULT NULL,
  `title_mod` varchar(80) CHARACTER SET utf8 COLLATE utf8_spanish_ci DEFAULT NULL,
  `icon_mod` varchar(50) CHARACTER SET utf8 COLLATE utf8_spanish_ci DEFAULT NULL,
  `route_mod` varchar(200) CHARACTER SET utf8 COLLATE utf8_spanish_ci DEFAULT NULL,
  `father_mod` int DEFAULT NULL,
  `orden_mod` int DEFAULT NULL,
  PRIMARY KEY (`id_mod`) USING BTREE,
  KEY `FK_modulos_modulos` (`father_mod`),
  CONSTRAINT `FK_modulos_modulos` FOREIGN KEY (`father_mod`) REFERENCES `modulos` (`id_mod`)
) ENGINE=InnoDB AUTO_INCREMENT=21 DEFAULT CHARSET=utf8mb3 COLLATE=utf8_spanish_ci;

-- Volcando datos para la tabla opem.modulos: ~13 rows (aproximadamente)
DELETE FROM `modulos`;
/*!40000 ALTER TABLE `modulos` DISABLE KEYS */;
INSERT INTO `modulos` (`id_mod`, `nombre_mod`, `title_mod`, `icon_mod`, `route_mod`, `father_mod`, `orden_mod`) VALUES
	(8, 'certcolaboradores', 'Cursos-Aprendices', 'fa fa-file', '/admin/certcolaboradores', NULL, 6),
	(9, 'colaboradores', 'Aprendices', 'fa fa-users', '/admin/aprendices', NULL, 3),
	(10, 'cursos', 'Cursos', 'fa fa-graduation-cap', '/admin/cursos', NULL, 4),
	(11, 'certificaciones', 'Cohorte-Grupo', 'fa fa-table', '/admin/certificaciones', NULL, 5),
	(12, 'configuraciones', 'Configuraciones', 'fa fa-cog', '/admin/configuraciones', NULL, 7),
	(13, 'paises', 'Paises', NULL, '/admin/configuraciones/paises', 12, NULL),
	(14, 'departamentos', 'Departamentos', NULL, '/admin/configuraciones/departamentos', 12, NULL),
	(15, 'ciudades', 'Ciudades', NULL, '/admin/configuraciones/ciudades', 12, NULL),
	(16, 'tipodocs', 'Tipo Documentos', NULL, '/admin/configuraciones/tipodocs', 12, NULL),
	(17, 'roles', 'Roles', NULL, '/admin/configuraciones/roles', 12, NULL),
	(18, 'Permisos', 'Permisos', NULL, '/admin/configuraciones/permisos', 12, NULL),
	(19, 'empresas', 'Empresas', 'fa fa-building', '/admin/empresas', NULL, 2),
	(20, 'dashboard', 'Dashboard', 'fa fa-cog', '/app/dashboard', NULL, 1);
/*!40000 ALTER TABLE `modulos` ENABLE KEYS */;

-- Volcando estructura para tabla opem.municipios
DROP TABLE IF EXISTS `municipios`;
CREATE TABLE IF NOT EXISTS `municipios` (
  `id_mun` int NOT NULL,
  `nombre_mun` varchar(80) CHARACTER SET utf8 COLLATE utf8_spanish_ci DEFAULT NULL,
  `codigodane_mun` varchar(4) CHARACTER SET utf8 COLLATE utf8_spanish_ci DEFAULT NULL,
  `iddepartamento_mun` int DEFAULT NULL,
  PRIMARY KEY (`id_mun`) USING BTREE,
  KEY `FK_municipios_departamentos` (`iddepartamento_mun`),
  CONSTRAINT `FK_municipios_departamentos` FOREIGN KEY (`iddepartamento_mun`) REFERENCES `departamentos` (`id_dep`)
) ENGINE=InnoDB DEFAULT CHARSET=utf8mb3 COLLATE=utf8_spanish_ci;

-- Volcando datos para la tabla opem.municipios: ~1.120 rows (aproximadamente)
DELETE FROM `municipios`;
/*!40000 ALTER TABLE `municipios` DISABLE KEYS */;
INSERT INTO `municipios` (`id_mun`, `nombre_mun`, `codigodane_mun`, `iddepartamento_mun`) VALUES
	(1, 'MEDELLIN', '001', 5),
	(2, 'ABEJORRAL', '002', 5),
	(3, 'ABRIAQUI', '004', 5),
	(4, 'ALEJANDRIA', '021', 5),
	(5, 'AMAGA', '030', 5),
	(6, 'AMALFI', '031', 5),
	(7, 'ANDES', '034', 5),
	(8, 'ANGELOPOLIS', '036', 5),
	(9, 'ANGOSTURA', '038', 5),
	(10, 'ANORI', '040', 5),
	(11, 'SANTAFE DE ANTIOQUIA', '042', 5),
	(12, 'ANZA', '044', 5),
	(13, 'APARTADO', '045', 5),
	(14, 'ARBOLETES', '051', 5),
	(15, 'ARGELIA', '055', 5),
	(16, 'ARMENIA', '059', 5),
	(17, 'BARBOSA', '079', 5),
	(18, 'BELMIRA', '086', 5),
	(19, 'BELLO', '088', 5),
	(20, 'BETANIA', '091', 5),
	(21, 'BETULIA', '093', 5),
	(22, 'CIUDAD BOLIVAR', '101', 5),
	(23, 'BRICEÑO', '107', 5),
	(24, 'BURITICA', '113', 5),
	(25, 'CACERES', '120', 5),
	(26, 'CAICEDO', '125', 5),
	(27, 'CALDAS', '129', 5),
	(28, 'CAMPAMENTO', '134', 5),
	(29, 'CAÑASGORDAS', '138', 5),
	(30, 'CARACOLI', '142', 5),
	(31, 'CARAMANTA', '145', 5),
	(32, 'CAREPA', '147', 5),
	(33, 'EL CARMEN DE VIBORAL', '148', 5),
	(34, 'CAROLINA', '150', 5),
	(35, 'CAUCASIA', '154', 5),
	(36, 'CHIGORODO', '172', 5),
	(37, 'CISNEROS', '190', 5),
	(38, 'COCORNA', '197', 5),
	(39, 'CONCEPCION', '206', 5),
	(40, 'CONCORDIA', '209', 5),
	(41, 'COPACABANA', '212', 5),
	(42, 'DABEIBA', '234', 5),
	(43, 'DON MATIAS', '237', 5),
	(44, 'EBEJICO', '240', 5),
	(45, 'EL BAGRE', '250', 5),
	(46, 'ENTRERRIOS', '264', 5),
	(47, 'ENVIGADO', '266', 5),
	(48, 'FREDONIA', '282', 5),
	(49, 'FRONTINO', '284', 5),
	(50, 'GIRALDO', '306', 5),
	(51, 'GIRARDOTA', '308', 5),
	(52, 'GOMEZ PLATA', '310', 5),
	(53, 'GRANADA', '313', 5),
	(54, 'GUADALUPE', '315', 5),
	(55, 'GUARNE', '318', 5),
	(56, 'GUATAPE', '321', 5),
	(57, 'HELICONIA', '347', 5),
	(58, 'HISPANIA', '353', 5),
	(59, 'ITAGUI', '360', 5),
	(60, 'ITUANGO', '361', 5),
	(61, 'JARDIN', '364', 5),
	(62, 'JERICO', '368', 5),
	(63, 'LA CEJA', '376', 5),
	(64, 'LA ESTRELLA', '380', 5),
	(65, 'LA PINTADA', '390', 5),
	(66, 'LA UNION', '400', 5),
	(67, 'LIBORINA', '411', 5),
	(68, 'MACEO', '425', 5),
	(69, 'MARINILLA', '440', 5),
	(70, 'MONTEBELLO', '467', 5),
	(71, 'MURINDO', '475', 5),
	(72, 'MUTATA', '480', 5),
	(73, 'NARIÑO', '483', 5),
	(74, 'NECOCLI', '490', 5),
	(75, 'NECHI', '495', 5),
	(76, 'OLAYA', '501', 5),
	(77, 'PEÐOL', '541', 5),
	(78, 'PEQUE', '543', 5),
	(79, 'PUEBLORRICO', '576', 5),
	(80, 'PUERTO BERRIO', '579', 5),
	(81, 'PUERTO NARE', '585', 5),
	(82, 'PUERTO TRIUNFO', '591', 5),
	(83, 'REMEDIOS', '604', 5),
	(84, 'RETIRO', '607', 5),
	(85, 'RIONEGRO', '615', 5),
	(86, 'SABANALARGA', '628', 5),
	(87, 'SABANETA', '631', 5),
	(88, 'SALGAR', '642', 5),
	(89, 'SAN ANDRES DE CUERQUIA', '647', 5),
	(90, 'SAN CARLOS', '649', 5),
	(91, 'SAN FRANCISCO', '652', 5),
	(92, 'SAN JERONIMO', '656', 5),
	(93, 'SAN JOSE DE LA MONTAÑA', '658', 5),
	(94, 'SAN JUAN DE URABA', '659', 5),
	(95, 'SAN LUIS', '660', 5),
	(96, 'SAN PEDRO', '664', 5),
	(97, 'SAN PEDRO DE URABA', '665', 5),
	(98, 'SAN RAFAEL', '667', 5),
	(99, 'SAN ROQUE', '670', 5),
	(100, 'SAN VICENTE', '674', 5),
	(101, 'SANTA BARBARA', '679', 5),
	(102, 'SANTA ROSA DE OSOS', '686', 5),
	(103, 'SANTO DOMINGO', '690', 5),
	(104, 'EL SANTUARIO', '697', 5),
	(105, 'SEGOVIA', '736', 5),
	(106, 'SONSON', '756', 5),
	(107, 'SOPETRAN', '761', 5),
	(108, 'TAMESIS', '789', 5),
	(109, 'TARAZA', '790', 5),
	(110, 'TARSO', '792', 5),
	(111, 'TITIRIBI', '809', 5),
	(112, 'TOLEDO', '819', 5),
	(113, 'TURBO', '837', 5),
	(114, 'URAMITA', '842', 5),
	(115, 'URRAO', '847', 5),
	(116, 'VALDIVIA', '854', 5),
	(117, 'VALPARAISO', '856', 5),
	(118, 'VEGACHI', '858', 5),
	(119, 'VENECIA', '861', 5),
	(120, 'VIGIA DEL FUERTE', '873', 5),
	(121, 'YALI', '885', 5),
	(122, 'YARUMAL', '887', 5),
	(123, 'YOLOMBO', '890', 5),
	(124, 'YONDO', '893', 5),
	(125, 'ZARAGOZA', '895', 5),
	(126, 'BARRANQUILLA', '001', 8),
	(127, 'BARANOA', '078', 8),
	(128, 'CAMPO DE LA CRUZ', '137', 8),
	(129, 'CANDELARIA', '141', 8),
	(130, 'GALAPA', '296', 8),
	(131, 'JUAN DE ACOSTA', '372', 8),
	(132, 'LURUACO', '421', 8),
	(133, 'MALAMBO', '433', 8),
	(134, 'MANATI', '436', 8),
	(135, 'PALMAR DE VARELA', '520', 8),
	(136, 'PIOJO', '549', 8),
	(137, 'POLONUEVO', '558', 8),
	(138, 'PONEDERA', '560', 8),
	(139, 'PUERTO COLOMBIA', '573', 8),
	(140, 'REPELON', '606', 8),
	(141, 'SABANAGRANDE', '634', 8),
	(142, 'SABANALARGA', '638', 8),
	(143, 'SANTA LUCIA', '675', 8),
	(144, 'SANTO TOMAS', '685', 8),
	(145, 'SOLEDAD', '758', 8),
	(146, 'SUAN', '770', 8),
	(147, 'TUBARA', '832', 8),
	(148, 'USIACURI', '849', 8),
	(149, 'BOGOTA, D.C.', '001', 11),
	(150, 'CARTAGENA', '001', 13),
	(151, 'ACHI', '006', 13),
	(152, 'ALTOS DEL ROSARIO', '030', 13),
	(153, 'ARENAL', '042', 13),
	(154, 'ARJONA', '052', 13),
	(155, 'ARROYOHONDO', '062', 13),
	(156, 'BARRANCO DE LOBA', '074', 13),
	(157, 'CALAMAR', '140', 13),
	(158, 'CANTAGALLO', '160', 13),
	(159, 'CICUCO', '188', 13),
	(160, 'CORDOBA', '212', 13),
	(161, 'CLEMENCIA', '222', 13),
	(162, 'EL CARMEN DE BOLIVAR', '244', 13),
	(163, 'EL GUAMO', '248', 13),
	(164, 'EL PEÑON', '268', 13),
	(165, 'HATILLO DE LOBA', '300', 13),
	(166, 'MAGANGUE', '430', 13),
	(167, 'MAHATES', '433', 13),
	(168, 'MARGARITA', '440', 13),
	(169, 'MARIA LA BAJA', '442', 13),
	(170, 'MONTECRISTO', '458', 13),
	(171, 'MOMPOS', '468', 13),
	(172, 'NOROSI', '490', 13),
	(173, 'MORALES', '473', 13),
	(174, 'PINILLOS', '549', 13),
	(175, 'REGIDOR', '580', 13),
	(176, 'RIO VIEJO', '600', 13),
	(177, 'SAN CRISTOBAL', '620', 13),
	(178, 'SAN ESTANISLAO', '647', 13),
	(179, 'SAN FERNANDO', '650', 13),
	(180, 'SAN JACINTO', '654', 13),
	(181, 'SAN JACINTO DEL CAUCA', '655', 13),
	(182, 'SAN JUAN NEPOMUCENO', '657', 13),
	(183, 'SAN MARTIN DE LOBA', '667', 13),
	(184, 'SAN PABLO', '670', 13),
	(185, 'SANTA CATALINA', '673', 13),
	(186, 'SANTA ROSA', '683', 13),
	(187, 'SANTA ROSA DEL SUR', '688', 13),
	(188, 'SIMITI', '744', 13),
	(189, 'SOPLAVIENTO', '760', 13),
	(190, 'TALAIGUA NUEVO', '780', 13),
	(191, 'TIQUISIO', '810', 13),
	(192, 'TURBACO', '836', 13),
	(193, 'TURBANA', '838', 13),
	(194, 'VILLANUEVA', '873', 13),
	(195, 'ZAMBRANO', '894', 13),
	(196, 'TUNJA', '001', 15),
	(197, 'ALMEIDA', '022', 15),
	(198, 'AQUITANIA', '047', 15),
	(199, 'ARCABUCO', '051', 15),
	(200, 'BELEN', '087', 15),
	(201, 'BERBEO', '090', 15),
	(202, 'BETEITIVA', '092', 15),
	(203, 'BOAVITA', '097', 15),
	(204, 'BOYACA', '104', 15),
	(205, 'BRICEÑO', '106', 15),
	(206, 'BUENAVISTA', '109', 15),
	(207, 'BUSBANZA', '114', 15),
	(208, 'CALDAS', '131', 15),
	(209, 'CAMPOHERMOSO', '135', 15),
	(210, 'CERINZA', '162', 15),
	(211, 'CHINAVITA', '172', 15),
	(212, 'CHIQUINQUIRA', '176', 15),
	(213, 'CHISCAS', '180', 15),
	(214, 'CHITA', '183', 15),
	(215, 'CHITARAQUE', '185', 15),
	(216, 'CHIVATA', '187', 15),
	(217, 'CIENEGA', '189', 15),
	(218, 'COMBITA', '204', 15),
	(219, 'COPER', '212', 15),
	(220, 'CORRALES', '215', 15),
	(221, 'COVARACHIA', '218', 15),
	(222, 'CUBARA', '223', 15),
	(223, 'CUCAITA', '224', 15),
	(224, 'CUITIVA', '226', 15),
	(225, 'CHIQUIZA', '232', 15),
	(226, 'CHIVOR', '236', 15),
	(227, 'DUITAMA', '238', 15),
	(228, 'EL COCUY', '244', 15),
	(229, 'EL ESPINO', '248', 15),
	(230, 'FIRAVITOBA', '272', 15),
	(231, 'FLORESTA', '276', 15),
	(232, 'GACHANTIVA', '293', 15),
	(233, 'GAMEZA', '296', 15),
	(234, 'GARAGOA', '299', 15),
	(235, 'GUACAMAYAS', '317', 15),
	(236, 'GUATEQUE', '322', 15),
	(237, 'GUAYATA', '325', 15),
	(238, 'GsICAN', '332', 15),
	(239, 'IZA', '362', 15),
	(240, 'JENESANO', '367', 15),
	(241, 'JERICO', '368', 15),
	(242, 'LABRANZAGRANDE', '377', 15),
	(243, 'LA CAPILLA', '380', 15),
	(244, 'LA VICTORIA', '401', 15),
	(245, 'LA UVITA', '403', 15),
	(246, 'VILLA DE LEYVA', '407', 15),
	(247, 'MACANAL', '425', 15),
	(248, 'MARIPI', '442', 15),
	(249, 'MIRAFLORES', '455', 15),
	(250, 'MONGUA', '464', 15),
	(251, 'MONGUI', '466', 15),
	(252, 'MONIQUIRA', '469', 15),
	(253, 'MOTAVITA', '476', 15),
	(254, 'MUZO', '480', 15),
	(255, 'NOBSA', '491', 15),
	(256, 'NUEVO COLON', '494', 15),
	(257, 'OICATA', '500', 15),
	(258, 'OTANCHE', '507', 15),
	(259, 'PACHAVITA', '511', 15),
	(260, 'PAEZ', '514', 15),
	(261, 'PAIPA', '516', 15),
	(262, 'PAJARITO', '518', 15),
	(263, 'PANQUEBA', '522', 15),
	(264, 'PAUNA', '531', 15),
	(265, 'PAYA', '533', 15),
	(266, 'PAZ DE RIO', '537', 15),
	(267, 'PESCA', '542', 15),
	(268, 'PISBA', '550', 15),
	(269, 'PUERTO BOYACA', '572', 15),
	(270, 'QUIPAMA', '580', 15),
	(271, 'RAMIRIQUI', '599', 15),
	(272, 'RAQUIRA', '600', 15),
	(273, 'RONDON', '621', 15),
	(274, 'SABOYA', '632', 15),
	(275, 'SACHICA', '638', 15),
	(276, 'SAMACA', '646', 15),
	(277, 'SAN EDUARDO', '660', 15),
	(278, 'SAN JOSE DE PARE', '664', 15),
	(279, 'SAN LUIS DE GACENO', '667', 15),
	(280, 'SAN MATEO', '673', 15),
	(281, 'SAN MIGUEL DE SEMA', '676', 15),
	(282, 'SAN PABLO DE BORBUR', '681', 15),
	(283, 'SANTANA', '686', 15),
	(284, 'SANTA MARIA', '690', 15),
	(285, 'SANTA ROSA DE VITERBO', '693', 15),
	(286, 'SANTA SOFIA', '696', 15),
	(287, 'SATIVANORTE', '720', 15),
	(288, 'SATIVASUR', '723', 15),
	(289, 'SIACHOQUE', '740', 15),
	(290, 'SOATA', '753', 15),
	(291, 'SOCOTA', '755', 15),
	(292, 'SOCHA', '757', 15),
	(293, 'SOGAMOSO', '759', 15),
	(294, 'SOMONDOCO', '761', 15),
	(295, 'SORA', '762', 15),
	(296, 'SOTAQUIRA', '763', 15),
	(297, 'SORACA', '764', 15),
	(298, 'SUSACON', '774', 15),
	(299, 'SUTAMARCHAN', '776', 15),
	(300, 'SUTATENZA', '778', 15),
	(301, 'TASCO', '790', 15),
	(302, 'TENZA', '798', 15),
	(303, 'TIBANA', '804', 15),
	(304, 'TIBASOSA', '806', 15),
	(305, 'TINJACA', '808', 15),
	(306, 'TIPACOQUE', '810', 15),
	(307, 'TOCA', '814', 15),
	(308, 'TOGsI', '816', 15),
	(309, 'TOPAGA', '820', 15),
	(310, 'TOTA', '822', 15),
	(311, 'TUNUNGUA', '832', 15),
	(312, 'TURMEQUE', '835', 15),
	(313, 'TUTA', '837', 15),
	(314, 'TUTAZA', '839', 15),
	(315, 'UMBITA', '842', 15),
	(316, 'VENTAQUEMADA', '861', 15),
	(317, 'VIRACACHA', '879', 15),
	(318, 'ZETAQUIRA', '897', 15),
	(319, 'MANIZALES', '001', 17),
	(320, 'AGUADAS', '013', 17),
	(321, 'ANSERMA', '042', 17),
	(322, 'ARANZAZU', '050', 17),
	(323, 'BELALCAZAR', '088', 17),
	(324, 'CHINCHINA', '174', 17),
	(325, 'FILADELFIA', '272', 17),
	(326, 'LA DORADA', '380', 17),
	(327, 'LA MERCED', '388', 17),
	(328, 'MANZANARES', '433', 17),
	(329, 'MARMATO', '442', 17),
	(330, 'MARQUETALIA', '444', 17),
	(331, 'MARULANDA', '446', 17),
	(332, 'NEIRA', '486', 17),
	(333, 'NORCASIA', '495', 17),
	(334, 'PACORA', '513', 17),
	(335, 'PALESTINA', '524', 17),
	(336, 'PENSILVANIA', '541', 17),
	(337, 'RIOSUCIO', '614', 17),
	(338, 'RISARALDA', '616', 17),
	(339, 'SALAMINA', '653', 17),
	(340, 'SAMANA', '662', 17),
	(341, 'SAN JOSE', '665', 17),
	(342, 'SUPIA', '777', 17),
	(343, 'VICTORIA', '867', 17),
	(344, 'VILLAMARIA', '873', 17),
	(345, 'VITERBO', '877', 17),
	(346, 'FLORENCIA', '001', 18),
	(347, 'ALBANIA', '029', 18),
	(348, 'BELEN DE LOS ANDAQUIES', '094', 18),
	(349, 'CARTAGENA DEL CHAIRA', '150', 18),
	(350, 'CURILLO', '205', 18),
	(351, 'EL DONCELLO', '247', 18),
	(352, 'EL PAUJIL', '256', 18),
	(353, 'LA MONTAÑITA', '410', 18),
	(354, 'MILAN', '460', 18),
	(355, 'MORELIA', '479', 18),
	(356, 'PUERTO RICO', '592', 18),
	(357, 'SAN JOSE DEL FRAGUA', '610', 18),
	(358, 'SAN VICENTE DEL CAGUAN', '753', 18),
	(359, 'SOLANO', '756', 18),
	(360, 'SOLITA', '785', 18),
	(361, 'VALPARAISO', '860', 18),
	(362, 'POPAYAN', '001', 19),
	(363, 'ALMAGUER', '022', 19),
	(364, 'ARGELIA', '050', 19),
	(365, 'BALBOA', '075', 19),
	(366, 'BOLIVAR', '100', 19),
	(367, 'BUENOS AIRES', '110', 19),
	(368, 'CAJIBIO', '130', 19),
	(369, 'CALDONO', '137', 19),
	(370, 'CALOTO', '142', 19),
	(371, 'CORINTO', '212', 19),
	(372, 'EL TAMBO', '256', 19),
	(373, 'FLORENCIA', '290', 19),
	(374, 'GUACHENE', '300', 19),
	(375, 'GUAPI', '318', 19),
	(376, 'INZA', '355', 19),
	(377, 'JAMBALO', '364', 19),
	(378, 'LA SIERRA', '392', 19),
	(379, 'LA VEGA', '397', 19),
	(380, 'LOPEZ', '418', 19),
	(381, 'MERCADERES', '450', 19),
	(382, 'MIRANDA', '455', 19),
	(383, 'MORALES', '473', 19),
	(384, 'PADILLA', '513', 19),
	(385, 'PAEZ', '517', 19),
	(386, 'PATIA', '532', 19),
	(387, 'PIAMONTE', '533', 19),
	(388, 'PIENDAMO', '548', 19),
	(389, 'PUERTO TEJADA', '573', 19),
	(390, 'PURACE', '585', 19),
	(391, 'ROSAS', '622', 19),
	(392, 'SAN SEBASTIAN', '693', 19),
	(393, 'SANTANDER DE QUILICHAO', '698', 19),
	(394, 'SANTA ROSA', '701', 19),
	(395, 'SILVIA', '743', 19),
	(396, 'SOTARA', '760', 19),
	(397, 'SUAREZ', '780', 19),
	(398, 'SUCRE', '785', 19),
	(399, 'TIMBIO', '807', 19),
	(400, 'TIMBIQUI', '809', 19),
	(401, 'TORIBIO', '821', 19),
	(402, 'TOTORO', '824', 19),
	(403, 'VILLA RICA', '845', 19),
	(404, 'VALLEDUPAR', '001', 20),
	(405, 'AGUACHICA', '011', 20),
	(406, 'AGUSTIN CODAZZI', '013', 20),
	(407, 'ASTREA', '032', 20),
	(408, 'BECERRIL', '045', 20),
	(409, 'BOSCONIA', '060', 20),
	(410, 'CHIMICHAGUA', '175', 20),
	(411, 'CHIRIGUANA', '178', 20),
	(412, 'CURUMANI', '228', 20),
	(413, 'EL COPEY', '238', 20),
	(414, 'EL PASO', '250', 20),
	(415, 'GAMARRA', '295', 20),
	(416, 'GONZALEZ', '310', 20),
	(417, 'LA GLORIA', '383', 20),
	(418, 'LA JAGUA DE IBIRICO', '400', 20),
	(419, 'MANAURE', '443', 20),
	(420, 'PAILITAS', '517', 20),
	(421, 'PELAYA', '550', 20),
	(422, 'PUEBLO BELLO', '570', 20),
	(423, 'RIO DE ORO', '614', 20),
	(424, 'LA PAZ', '621', 20),
	(425, 'SAN ALBERTO', '710', 20),
	(426, 'SAN DIEGO', '750', 20),
	(427, 'SAN MARTIN', '770', 20),
	(428, 'TAMALAMEQUE', '787', 20),
	(429, 'MONTERIA', '001', 23),
	(430, 'AYAPEL', '068', 23),
	(431, 'BUENAVISTA', '079', 23),
	(432, 'CANALETE', '090', 23),
	(433, 'CERETE', '162', 23),
	(434, 'CHIMA', '168', 23),
	(435, 'CHINU', '182', 23),
	(436, 'CIENAGA DE ORO', '189', 23),
	(437, 'COTORRA', '300', 23),
	(438, 'LA APARTADA', '350', 23),
	(439, 'LORICA', '417', 23),
	(440, 'LOS CORDOBAS', '419', 23),
	(441, 'MOMIL', '464', 23),
	(442, 'MONTELIBANO', '466', 23),
	(443, 'MOÑITOS', '500', 23),
	(444, 'PLANETA RICA', '555', 23),
	(445, 'PUEBLO NUEVO', '570', 23),
	(446, 'PUERTO ESCONDIDO', '574', 23),
	(447, 'PUERTO LIBERTADOR', '580', 23),
	(448, 'PURISIMA', '586', 23),
	(449, 'SAHAGUN', '660', 23),
	(450, 'SAN ANDRES SOTAVENTO', '670', 23),
	(451, 'SAN ANTERO', '672', 23),
	(452, 'SAN BERNARDO DEL VIENTO', '675', 23),
	(453, 'SAN CARLOS', '678', 23),
	(454, 'SAN PELAYO', '686', 23),
	(455, 'TIERRALTA', '807', 23),
	(456, 'VALENCIA', '855', 23),
	(457, 'AGUA DE DIOS', '001', 25),
	(458, 'ALBAN', '019', 25),
	(459, 'ANAPOIMA', '035', 25),
	(460, 'ANOLAIMA', '040', 25),
	(461, 'ARBELAEZ', '053', 25),
	(462, 'BELTRAN', '086', 25),
	(463, 'BITUIMA', '095', 25),
	(464, 'BOJACA', '099', 25),
	(465, 'CABRERA', '120', 25),
	(466, 'CACHIPAY', '123', 25),
	(467, 'CAJICA', '126', 25),
	(468, 'CAPARRAPI', '148', 25),
	(469, 'CAQUEZA', '151', 25),
	(470, 'CARMEN DE CARUPA', '154', 25),
	(471, 'CHAGUANI', '168', 25),
	(472, 'CHIA', '175', 25),
	(473, 'CHIPAQUE', '178', 25),
	(474, 'CHOACHI', '181', 25),
	(475, 'CHOCONTA', '183', 25),
	(476, 'COGUA', '200', 25),
	(477, 'COTA', '214', 25),
	(478, 'CUCUNUBA', '224', 25),
	(479, 'EL COLEGIO', '245', 25),
	(480, 'EL PEÑON', '258', 25),
	(481, 'EL ROSAL', '260', 25),
	(482, 'FACATATIVA', '269', 25),
	(483, 'FOMEQUE', '279', 25),
	(484, 'FOSCA', '281', 25),
	(485, 'FUNZA', '286', 25),
	(486, 'FUQUENE', '288', 25),
	(487, 'FUSAGASUGA', '290', 25),
	(488, 'GACHALA', '293', 25),
	(489, 'GACHANCIPA', '295', 25),
	(490, 'GACHETA', '297', 25),
	(491, 'GAMA', '299', 25),
	(492, 'GIRARDOT', '307', 25),
	(493, 'GRANADA', '312', 25),
	(494, 'GUACHETA', '317', 25),
	(495, 'GUADUAS', '320', 25),
	(496, 'GUASCA', '322', 25),
	(497, 'GUATAQUI', '324', 25),
	(498, 'GUATAVITA', '326', 25),
	(499, 'GUAYABAL DE SIQUIMA', '328', 25),
	(500, 'GUAYABETAL', '335', 25),
	(501, 'GUTIERREZ', '339', 25),
	(502, 'JERUSALEN', '368', 25),
	(503, 'JUNIN', '372', 25),
	(504, 'LA CALERA', '377', 25),
	(505, 'LA MESA', '386', 25),
	(506, 'LA PALMA', '394', 25),
	(507, 'LA PEÑA', '398', 25),
	(508, 'LA VEGA', '402', 25),
	(509, 'LENGUAZAQUE', '407', 25),
	(510, 'MACHETA', '426', 25),
	(511, 'MADRID', '430', 25),
	(512, 'MANTA', '436', 25),
	(513, 'MEDINA', '438', 25),
	(514, 'MOSQUERA', '473', 25),
	(515, 'NARIÑO', '483', 25),
	(516, 'NEMOCON', '486', 25),
	(517, 'NILO', '488', 25),
	(518, 'NIMAIMA', '489', 25),
	(519, 'NOCAIMA', '491', 25),
	(520, 'VENECIA', '506', 25),
	(521, 'PACHO', '513', 25),
	(522, 'PAIME', '518', 25),
	(523, 'PANDI', '524', 25),
	(524, 'PARATEBUENO', '530', 25),
	(525, 'PASCA', '535', 25),
	(526, 'PUERTO SALGAR', '572', 25),
	(527, 'PULI', '580', 25),
	(528, 'QUEBRADANEGRA', '592', 25),
	(529, 'QUETAME', '594', 25),
	(530, 'QUIPILE', '596', 25),
	(531, 'APULO', '599', 25),
	(532, 'RICAURTE', '612', 25),
	(533, 'SAN ANTONIO DEL TEQUENDAMA', '645', 25),
	(534, 'SAN BERNARDO', '649', 25),
	(535, 'SAN CAYETANO', '653', 25),
	(536, 'SAN FRANCISCO', '658', 25),
	(537, 'SAN JUAN DE RIO SECO', '662', 25),
	(538, 'SASAIMA', '718', 25),
	(539, 'SESQUILE', '736', 25),
	(540, 'SIBATE', '740', 25),
	(541, 'SILVANIA', '743', 25),
	(542, 'SIMIJACA', '745', 25),
	(543, 'SOACHA', '754', 25),
	(544, 'SOPO', '758', 25),
	(545, 'SUBACHOQUE', '769', 25),
	(546, 'SUESCA', '772', 25),
	(547, 'SUPATA', '777', 25),
	(548, 'SUSA', '779', 25),
	(549, 'SUTATAUSA', '781', 25),
	(550, 'TABIO', '785', 25),
	(551, 'TAUSA', '793', 25),
	(552, 'TENA', '797', 25),
	(553, 'TENJO', '799', 25),
	(554, 'TIBACUY', '805', 25),
	(555, 'TIBIRITA', '807', 25),
	(556, 'TOCAIMA', '815', 25),
	(557, 'TOCANCIPA', '817', 25),
	(558, 'TOPAIPI', '823', 25),
	(559, 'UBALA', '839', 25),
	(560, 'UBAQUE', '841', 25),
	(561, 'VILLA DE SAN DIEGO DE UBATE', '843', 25),
	(562, 'UNE', '845', 25),
	(563, 'UTICA', '851', 25),
	(564, 'VERGARA', '862', 25),
	(565, 'VIANI', '867', 25),
	(566, 'VILLAGOMEZ', '871', 25),
	(567, 'VILLAPINZON', '873', 25),
	(568, 'VILLETA', '875', 25),
	(569, 'VIOTA', '878', 25),
	(570, 'YACOPI', '885', 25),
	(571, 'ZIPACON', '898', 25),
	(572, 'ZIPAQUIRA', '899', 25),
	(573, 'QUIBDO', '001', 27),
	(574, 'ACANDI', '006', 27),
	(575, 'ALTO BAUDO', '025', 27),
	(576, 'ATRATO', '050', 27),
	(577, 'BAGADO', '073', 27),
	(578, 'BAHIA SOLANO', '075', 27),
	(579, 'BAJO BAUDO', '077', 27),
	(580, 'BOJAYA', '099', 27),
	(581, 'EL CANTON DEL SAN PABLO', '135', 27),
	(582, 'CARMEN DEL DARIEN', '150', 27),
	(583, 'CERTEGUI', '160', 27),
	(584, 'CONDOTO', '205', 27),
	(585, 'EL CARMEN DE ATRATO', '245', 27),
	(586, 'EL LITORAL DEL SAN JUAN', '250', 27),
	(587, 'ISTMINA', '361', 27),
	(588, 'JURADO', '372', 27),
	(589, 'LLORO', '413', 27),
	(590, 'MEDIO ATRATO', '425', 27),
	(591, 'MEDIO BAUDO', '430', 27),
	(592, 'MEDIO SAN JUAN', '450', 27),
	(593, 'NOVITA', '491', 27),
	(594, 'NUQUI', '495', 27),
	(595, 'RIO IRO', '580', 27),
	(596, 'RIO QUITO', '600', 27),
	(597, 'RIOSUCIO', '615', 27),
	(598, 'SAN JOSE DEL PALMAR', '660', 27),
	(599, 'SIPI', '745', 27),
	(600, 'TADO', '787', 27),
	(601, 'UNGUIA', '800', 27),
	(602, 'UNION PANAMERICANA', '810', 27),
	(603, 'NEIVA', '001', 41),
	(604, 'ACEVEDO', '006', 41),
	(605, 'AGRADO', '013', 41),
	(606, 'AIPE', '016', 41),
	(607, 'ALGECIRAS', '020', 41),
	(608, 'ALTAMIRA', '026', 41),
	(609, 'BARAYA', '078', 41),
	(610, 'CAMPOALEGRE', '132', 41),
	(611, 'COLOMBIA', '206', 41),
	(612, 'ELIAS', '244', 41),
	(613, 'GARZON', '298', 41),
	(614, 'GIGANTE', '306', 41),
	(615, 'GUADALUPE', '319', 41),
	(616, 'HOBO', '349', 41),
	(617, 'IQUIRA', '357', 41),
	(618, 'ISNOS', '359', 41),
	(619, 'LA ARGENTINA', '378', 41),
	(620, 'LA PLATA', '396', 41),
	(621, 'NATAGA', '483', 41),
	(622, 'OPORAPA', '503', 41),
	(623, 'PAICOL', '518', 41),
	(624, 'PALERMO', '524', 41),
	(625, 'PALESTINA', '530', 41),
	(626, 'PITAL', '548', 41),
	(627, 'PITALITO', '551', 41),
	(628, 'RIVERA', '615', 41),
	(629, 'SALADOBLANCO', '660', 41),
	(630, 'SAN AGUSTIN', '668', 41),
	(631, 'SANTA MARIA', '676', 41),
	(632, 'SUAZA', '770', 41),
	(633, 'TARQUI', '791', 41),
	(634, 'TESALIA', '797', 41),
	(635, 'TELLO', '799', 41),
	(636, 'TERUEL', '801', 41),
	(637, 'TIMANA', '807', 41),
	(638, 'VILLAVIEJA', '872', 41),
	(639, 'YAGUARA', '885', 41),
	(640, 'RIOHACHA', '001', 44),
	(641, 'ALBANIA', '035', 44),
	(642, 'BARRANCAS', '078', 44),
	(643, 'DIBULLA', '090', 44),
	(644, 'DISTRACCION', '098', 44),
	(645, 'EL MOLINO', '110', 44),
	(646, 'FONSECA', '279', 44),
	(647, 'HATONUEVO', '378', 44),
	(648, 'LA JAGUA DEL PILAR', '420', 44),
	(649, 'MAICAO', '430', 44),
	(650, 'MANAURE', '560', 44),
	(651, 'SAN JUAN DEL CESAR', '650', 44),
	(652, 'URIBIA', '847', 44),
	(653, 'URUMITA', '855', 44),
	(654, 'VILLANUEVA', '874', 44),
	(655, 'SANTA MARTA', '001', 47),
	(656, 'ALGARROBO', '030', 47),
	(657, 'ARACATACA', '053', 47),
	(658, 'ARIGUANI', '058', 47),
	(659, 'CERRO SAN ANTONIO', '161', 47),
	(660, 'CHIBOLO', '170', 47),
	(661, 'CIENAGA', '189', 47),
	(662, 'CONCORDIA', '205', 47),
	(663, 'EL BANCO', '245', 47),
	(664, 'EL PIÑON', '258', 47),
	(665, 'EL RETEN', '268', 47),
	(666, 'FUNDACION', '288', 47),
	(667, 'GUAMAL', '318', 47),
	(668, 'NUEVA GRANADA', '460', 47),
	(669, 'PEDRAZA', '541', 47),
	(670, 'PIJIÑO DEL CARMEN', '545', 47),
	(671, 'PIVIJAY', '551', 47),
	(672, 'PLATO', '555', 47),
	(673, 'PUEBLOVIEJO', '570', 47),
	(674, 'REMOLINO', '605', 47),
	(675, 'SABANAS DE SAN ANGEL', '660', 47),
	(676, 'SALAMINA', '675', 47),
	(677, 'SAN SEBASTIAN DE BUENAVISTA', '692', 47),
	(678, 'SAN ZENON', '703', 47),
	(679, 'SANTA ANA', '707', 47),
	(680, 'SANTA BARBARA DE PINTO', '720', 47),
	(681, 'SITIONUEVO', '745', 47),
	(682, 'TENERIFE', '798', 47),
	(683, 'ZAPAYAN', '960', 47),
	(684, 'ZONA BANANERA', '980', 47),
	(685, 'VILLAVICENCIO', '001', 50),
	(686, 'ACACIAS', '006', 50),
	(687, 'BARRANCA DE UPIA', '110', 50),
	(688, 'CABUYARO', '124', 50),
	(689, 'CASTILLA LA NUEVA', '150', 50),
	(690, 'CUBARRAL', '223', 50),
	(691, 'CUMARAL', '226', 50),
	(692, 'EL CALVARIO', '245', 50),
	(693, 'EL CASTILLO', '251', 50),
	(694, 'EL DORADO', '270', 50),
	(695, 'FUENTE DE ORO', '287', 50),
	(696, 'GRANADA', '313', 50),
	(697, 'GUAMAL', '318', 50),
	(698, 'MAPIRIPAN', '325', 50),
	(699, 'MESETAS', '330', 50),
	(700, 'LA MACARENA', '350', 50),
	(701, 'URIBE', '370', 50),
	(702, 'LEJANIAS', '400', 50),
	(703, 'PUERTO CONCORDIA', '450', 50),
	(704, 'PUERTO GAITAN', '568', 50),
	(705, 'PUERTO LOPEZ', '573', 50),
	(706, 'PUERTO LLERAS', '577', 50),
	(707, 'PUERTO RICO', '590', 50),
	(708, 'RESTREPO', '606', 50),
	(709, 'SAN CARLOS DE GUAROA', '680', 50),
	(710, 'SAN JUAN DE ARAMA', '683', 50),
	(711, 'SAN JUANITO', '686', 50),
	(712, 'SAN MARTIN', '689', 50),
	(713, 'VISTAHERMOSA', '711', 50),
	(714, 'PASTO', '001', 52),
	(715, 'ALBAN', '019', 52),
	(716, 'ALDANA', '022', 52),
	(717, 'ANCUYA', '036', 52),
	(718, 'ARBOLEDA', '051', 52),
	(719, 'BARBACOAS', '079', 52),
	(720, 'BELEN', '083', 52),
	(721, 'BUESACO', '110', 52),
	(722, 'COLON', '203', 52),
	(723, 'CONSACA', '207', 52),
	(724, 'CONTADERO', '210', 52),
	(725, 'CORDOBA', '215', 52),
	(726, 'CUASPUD', '224', 52),
	(727, 'CUMBAL', '227', 52),
	(728, 'CUMBITARA', '233', 52),
	(729, 'CHACHAGsI', '240', 52),
	(730, 'EL CHARCO', '250', 52),
	(731, 'EL PEÑOL', '254', 52),
	(732, 'EL ROSARIO', '256', 52),
	(733, 'EL TABLON DE GOMEZ', '258', 52),
	(734, 'EL TAMBO', '260', 52),
	(735, 'FUNES', '287', 52),
	(736, 'GUACHUCAL', '317', 52),
	(737, 'GUAITARILLA', '320', 52),
	(738, 'GUALMATAN', '323', 52),
	(739, 'ILES', '352', 52),
	(740, 'IMUES', '354', 52),
	(741, 'IPIALES', '356', 52),
	(742, 'LA CRUZ', '378', 52),
	(743, 'LA FLORIDA', '381', 52),
	(744, 'LA LLANADA', '385', 52),
	(745, 'LA TOLA', '390', 52),
	(746, 'LA UNION', '399', 52),
	(747, 'LEIVA', '405', 52),
	(748, 'LINARES', '411', 52),
	(749, 'LOS ANDES', '418', 52),
	(750, 'MAGsI', '427', 52),
	(751, 'MALLAMA', '435', 52),
	(752, 'MOSQUERA', '473', 52),
	(753, 'NARIÑO', '480', 52),
	(754, 'OLAYA HERRERA', '490', 52),
	(755, 'OSPINA', '506', 52),
	(756, 'FRANCISCO PIZARRO', '520', 52),
	(757, 'POLICARPA', '540', 52),
	(758, 'POTOSI', '560', 52),
	(759, 'PROVIDENCIA', '565', 52),
	(760, 'PUERRES', '573', 52),
	(761, 'PUPIALES', '585', 52),
	(762, 'RICAURTE', '612', 52),
	(763, 'ROBERTO PAYAN', '621', 52),
	(764, 'SAMANIEGO', '678', 52),
	(765, 'SANDONA', '683', 52),
	(766, 'SAN BERNARDO', '685', 52),
	(767, 'SAN LORENZO', '687', 52),
	(768, 'SAN PABLO', '693', 52),
	(769, 'SAN PEDRO DE CARTAGO', '694', 52),
	(770, 'SANTA BARBARA', '696', 52),
	(771, 'SANTACRUZ', '699', 52),
	(772, 'SAPUYES', '720', 52),
	(773, 'TAMINANGO', '786', 52),
	(774, 'TANGUA', '788', 52),
	(775, 'SAN ANDRES DE TUMACO', '835', 52),
	(776, 'TUQUERRES', '838', 52),
	(777, 'YACUANQUER', '885', 52),
	(778, 'CUCUTA', '001', 54),
	(779, 'ABREGO', '003', 54),
	(780, 'ARBOLEDAS', '051', 54),
	(781, 'BOCHALEMA', '099', 54),
	(782, 'BUCARASICA', '109', 54),
	(783, 'CACOTA', '125', 54),
	(784, 'CACHIRA', '128', 54),
	(785, 'CHINACOTA', '172', 54),
	(786, 'CHITAGA', '174', 54),
	(787, 'CONVENCION', '206', 54),
	(788, 'CUCUTILLA', '223', 54),
	(789, 'DURANIA', '239', 54),
	(790, 'EL CARMEN', '245', 54),
	(791, 'EL TARRA', '250', 54),
	(792, 'EL ZULIA', '261', 54),
	(793, 'GRAMALOTE', '313', 54),
	(794, 'HACARI', '344', 54),
	(795, 'HERRAN', '347', 54),
	(796, 'LABATECA', '377', 54),
	(797, 'LA ESPERANZA', '385', 54),
	(798, 'LA PLAYA', '398', 54),
	(799, 'LOS PATIOS', '405', 54),
	(800, 'LOURDES', '418', 54),
	(801, 'MUTISCUA', '480', 54),
	(802, 'OCAÑA', '498', 54),
	(803, 'PAMPLONA', '518', 54),
	(804, 'PAMPLONITA', '520', 54),
	(805, 'PUERTO SANTANDER', '553', 54),
	(806, 'RAGONVALIA', '599', 54),
	(807, 'SALAZAR', '660', 54),
	(808, 'SAN CALIXTO', '670', 54),
	(809, 'SAN CAYETANO', '673', 54),
	(810, 'SANTIAGO', '680', 54),
	(811, 'SARDINATA', '720', 54),
	(812, 'SILOS', '743', 54),
	(813, 'TEORAMA', '800', 54),
	(814, 'TIBU', '810', 54),
	(815, 'TOLEDO', '820', 54),
	(816, 'VILLA CARO', '871', 54),
	(817, 'VILLA DEL ROSARIO', '874', 54),
	(818, 'ARMENIA', '001', 63),
	(819, 'BUENAVISTA', '111', 63),
	(820, 'CALARCA', '130', 63),
	(821, 'CIRCASIA', '190', 63),
	(822, 'CORDOBA', '212', 63),
	(823, 'FILANDIA', '272', 63),
	(824, 'GENOVA', '302', 63),
	(825, 'LA TEBAIDA', '401', 63),
	(826, 'MONTENEGRO', '470', 63),
	(827, 'PIJAO', '548', 63),
	(828, 'QUIMBAYA', '594', 63),
	(829, 'SALENTO', '690', 63),
	(830, 'PEREIRA', '001', 66),
	(831, 'APIA', '045', 66),
	(832, 'BALBOA', '075', 66),
	(833, 'BELEN DE UMBRIA', '088', 66),
	(834, 'DOSQUEBRADAS', '170', 66),
	(835, 'GUATICA', '318', 66),
	(836, 'LA CELIA', '383', 66),
	(837, 'LA VIRGINIA', '400', 66),
	(838, 'MARSELLA', '440', 66),
	(839, 'MISTRATO', '456', 66),
	(840, 'PUEBLO RICO', '572', 66),
	(841, 'QUINCHIA', '594', 66),
	(842, 'SANTA ROSA DE CABAL', '682', 66),
	(843, 'SANTUARIO', '687', 66),
	(844, 'BUCARAMANGA', '001', 68),
	(845, 'AGUADA', '013', 68),
	(846, 'ALBANIA', '020', 68),
	(847, 'ARATOCA', '051', 68),
	(848, 'BARBOSA', '077', 68),
	(849, 'BARICHARA', '079', 68),
	(850, 'BARRANCABERMEJA', '081', 68),
	(851, 'BETULIA', '092', 68),
	(852, 'BOLIVAR', '101', 68),
	(853, 'CABRERA', '121', 68),
	(854, 'CALIFORNIA', '132', 68),
	(855, 'CAPITANEJO', '147', 68),
	(856, 'CARCASI', '152', 68),
	(857, 'CEPITA', '160', 68),
	(858, 'CERRITO', '162', 68),
	(859, 'CHARALA', '167', 68),
	(860, 'CHARTA', '169', 68),
	(861, 'CHIMA', '176', 68),
	(862, 'CHIPATA', '179', 68),
	(863, 'CIMITARRA', '190', 68),
	(864, 'CONCEPCION', '207', 68),
	(865, 'CONFINES', '209', 68),
	(866, 'CONTRATACION', '211', 68),
	(867, 'COROMORO', '217', 68),
	(868, 'CURITI', '229', 68),
	(869, 'EL CARMEN DE CHUCURI', '235', 68),
	(870, 'EL GUACAMAYO', '245', 68),
	(871, 'EL PEÑON', '250', 68),
	(872, 'EL PLAYON', '255', 68),
	(873, 'ENCINO', '264', 68),
	(874, 'ENCISO', '266', 68),
	(875, 'FLORIAN', '271', 68),
	(876, 'FLORIDABLANCA', '276', 68),
	(877, 'GALAN', '296', 68),
	(878, 'GAMBITA', '298', 68),
	(879, 'GIRON', '307', 68),
	(880, 'GUACA', '318', 68),
	(881, 'GUADALUPE', '320', 68),
	(882, 'GUAPOTA', '322', 68),
	(883, 'GUAVATA', '324', 68),
	(884, 'GsEPSA', '327', 68),
	(885, 'HATO', '344', 68),
	(886, 'JESUS MARIA', '368', 68),
	(887, 'JORDAN', '370', 68),
	(888, 'LA BELLEZA', '377', 68),
	(889, 'LANDAZURI', '385', 68),
	(890, 'LA PAZ', '397', 68),
	(891, 'LEBRIJA', '406', 68),
	(892, 'LOS SANTOS', '418', 68),
	(893, 'MACARAVITA', '425', 68),
	(894, 'MALAGA', '432', 68),
	(895, 'MATANZA', '444', 68),
	(896, 'MOGOTES', '464', 68),
	(897, 'MOLAGAVITA', '468', 68),
	(898, 'OCAMONTE', '498', 68),
	(899, 'OIBA', '500', 68),
	(900, 'ONZAGA', '502', 68),
	(901, 'PALMAR', '522', 68),
	(902, 'PALMAS DEL SOCORRO', '524', 68),
	(903, 'PARAMO', '533', 68),
	(904, 'PIEDECUESTA', '547', 68),
	(905, 'PINCHOTE', '549', 68),
	(906, 'PUENTE NACIONAL', '572', 68),
	(907, 'PUERTO PARRA', '573', 68),
	(908, 'PUERTO WILCHES', '575', 68),
	(909, 'RIONEGRO', '615', 68),
	(910, 'SABANA DE TORRES', '655', 68),
	(911, 'SAN ANDRES', '669', 68),
	(912, 'SAN BENITO', '673', 68),
	(913, 'SAN GIL', '679', 68),
	(914, 'SAN JOAQUIN', '682', 68),
	(915, 'SAN JOSE DE MIRANDA', '684', 68),
	(916, 'SAN MIGUEL', '686', 68),
	(917, 'SAN VICENTE DE CHUCURI', '689', 68),
	(918, 'SANTA BARBARA', '705', 68),
	(919, 'SANTA HELENA DEL OPON', '720', 68),
	(920, 'SIMACOTA', '745', 68),
	(921, 'SOCORRO', '755', 68),
	(922, 'SUAITA', '770', 68),
	(923, 'SUCRE', '773', 68),
	(924, 'SURATA', '780', 68),
	(925, 'TONA', '820', 68),
	(926, 'VALLE DE SAN JOSE', '855', 68),
	(927, 'VELEZ', '861', 68),
	(928, 'VETAS', '867', 68),
	(929, 'VILLANUEVA', '872', 68),
	(930, 'ZAPATOCA', '895', 68),
	(931, 'SINCELEJO', '001', 70),
	(932, 'BUENAVISTA', '110', 70),
	(933, 'CAIMITO', '124', 70),
	(934, 'COLOSO', '204', 70),
	(935, 'COROZAL', '215', 70),
	(936, 'COVEÑAS', '221', 70),
	(937, 'CHALAN', '230', 70),
	(938, 'EL ROBLE', '233', 70),
	(939, 'GALERAS', '235', 70),
	(940, 'GUARANDA', '265', 70),
	(941, 'LA UNION', '400', 70),
	(942, 'LOS PALMITOS', '418', 70),
	(943, 'MAJAGUAL', '429', 70),
	(944, 'MORROA', '473', 70),
	(945, 'OVEJAS', '508', 70),
	(946, 'PALMITO', '523', 70),
	(947, 'SAMPUES', '670', 70),
	(948, 'SAN BENITO ABAD', '678', 70),
	(949, 'SAN JUAN DE BETULIA', '702', 70),
	(950, 'SAN MARCOS', '708', 70),
	(951, 'SAN ONOFRE', '713', 70),
	(952, 'SAN PEDRO', '717', 70),
	(953, 'SAN LUIS DE SINCE', '742', 70),
	(954, 'SUCRE', '771', 70),
	(955, 'SANTIAGO DE TOLU', '820', 70),
	(956, 'TOLU VIEJO', '823', 70),
	(957, 'IBAGUE', '001', 73),
	(958, 'ALPUJARRA', '024', 73),
	(959, 'ALVARADO', '026', 73),
	(960, 'AMBALEMA', '030', 73),
	(961, 'ANZOATEGUI', '043', 73),
	(962, 'ARMERO', '055', 73),
	(963, 'ATACO', '067', 73),
	(964, 'CAJAMARCA', '124', 73),
	(965, 'CARMEN DE APICALA', '148', 73),
	(966, 'CASABIANCA', '152', 73),
	(967, 'CHAPARRAL', '168', 73),
	(968, 'COELLO', '200', 73),
	(969, 'COYAIMA', '217', 73),
	(970, 'CUNDAY', '226', 73),
	(971, 'DOLORES', '236', 73),
	(972, 'ESPINAL', '268', 73),
	(973, 'FALAN', '270', 73),
	(974, 'FLANDES', '275', 73),
	(975, 'FRESNO', '283', 73),
	(976, 'GUAMO', '319', 73),
	(977, 'HERVEO', '347', 73),
	(978, 'HONDA', '349', 73),
	(979, 'ICONONZO', '352', 73),
	(980, 'LERIDA', '408', 73),
	(981, 'LIBANO', '411', 73),
	(982, 'MARIQUITA', '443', 73),
	(983, 'MELGAR', '449', 73),
	(984, 'MURILLO', '461', 73),
	(985, 'NATAGAIMA', '483', 73),
	(986, 'ORTEGA', '504', 73),
	(987, 'PALOCABILDO', '520', 73),
	(988, 'PIEDRAS', '547', 73),
	(989, 'PLANADAS', '555', 73),
	(990, 'PRADO', '563', 73),
	(991, 'PURIFICACION', '585', 73),
	(992, 'RIOBLANCO', '616', 73),
	(993, 'RONCESVALLES', '622', 73),
	(994, 'ROVIRA', '624', 73),
	(995, 'SALDAÑA', '671', 73),
	(996, 'SAN ANTONIO', '675', 73),
	(997, 'SAN LUIS', '678', 73),
	(998, 'SANTA ISABEL', '686', 73),
	(999, 'SUAREZ', '770', 73),
	(1000, 'VALLE DE SAN JUAN', '854', 73),
	(1001, 'VENADILLO', '861', 73),
	(1002, 'VILLAHERMOSA', '870', 73),
	(1003, 'VILLARRICA', '873', 73),
	(1004, 'CALI', '001', 76),
	(1005, 'ALCALA', '020', 76),
	(1006, 'ANDALUCIA', '036', 76),
	(1007, 'ANSERMANUEVO', '041', 76),
	(1008, 'ARGELIA', '054', 76),
	(1009, 'BOLIVAR', '100', 76),
	(1010, 'BUENAVENTURA', '109', 76),
	(1011, 'GUADALAJARA DE BUGA', '111', 76),
	(1012, 'BUGALAGRANDE', '113', 76),
	(1013, 'CAICEDONIA', '122', 76),
	(1014, 'CALIMA', '126', 76),
	(1015, 'CANDELARIA', '130', 76),
	(1016, 'CARTAGO', '147', 76),
	(1017, 'DAGUA', '233', 76),
	(1018, 'EL AGUILA', '243', 76),
	(1019, 'EL CAIRO', '246', 76),
	(1020, 'EL CERRITO', '248', 76),
	(1021, 'EL DOVIO', '250', 76),
	(1022, 'FLORIDA', '275', 76),
	(1023, 'GINEBRA', '306', 76),
	(1024, 'GUACARI', '318', 76),
	(1025, 'JAMUNDI', '364', 76),
	(1026, 'LA CUMBRE', '377', 76),
	(1027, 'LA UNION', '400', 76),
	(1028, 'LA VICTORIA', '403', 76),
	(1029, 'OBANDO', '497', 76),
	(1030, 'PALMIRA', '520', 76),
	(1031, 'PRADERA', '563', 76),
	(1032, 'RESTREPO', '606', 76),
	(1033, 'RIOFRIO', '616', 76),
	(1034, 'ROLDANILLO', '622', 76),
	(1035, 'SAN PEDRO', '670', 76),
	(1036, 'SEVILLA', '736', 76),
	(1037, 'TORO', '823', 76),
	(1038, 'TRUJILLO', '828', 76),
	(1039, 'TULUA', '834', 76),
	(1040, 'ULLOA', '845', 76),
	(1041, 'VERSALLES', '863', 76),
	(1042, 'VIJES', '869', 76),
	(1043, 'YOTOCO', '890', 76),
	(1044, 'YUMBO', '892', 76),
	(1045, 'ZARZAL', '895', 76),
	(1046, 'ARAUCA', '001', 81),
	(1047, 'ARAUQUITA', '065', 81),
	(1048, 'CRAVO NORTE', '220', 81),
	(1049, 'FORTUL', '300', 81),
	(1050, 'PUERTO RONDON', '591', 81),
	(1051, 'SARAVENA', '736', 81),
	(1052, 'TAME', '794', 81),
	(1053, 'YOPAL', '001', 85),
	(1054, 'AGUAZUL', '010', 85),
	(1055, 'CHAMEZA', '015', 85),
	(1056, 'HATO COROZAL', '125', 85),
	(1057, 'LA SALINA', '136', 85),
	(1058, 'MANI', '139', 85),
	(1059, 'MONTERREY', '162', 85),
	(1060, 'NUNCHIA', '225', 85),
	(1061, 'OROCUE', '230', 85),
	(1062, 'PAZ DE ARIPORO', '250', 85),
	(1063, 'PORE', '263', 85),
	(1064, 'RECETOR', '279', 85),
	(1065, 'SABANALARGA', '300', 85),
	(1066, 'SACAMA', '315', 85),
	(1067, 'SAN LUIS DE PALENQUE', '325', 85),
	(1068, 'TAMARA', '400', 85),
	(1069, 'TAURAMENA', '410', 85),
	(1070, 'TRINIDAD', '430', 85),
	(1071, 'VILLANUEVA', '440', 85),
	(1072, 'MOCOA', '001', 86),
	(1073, 'COLON', '219', 86),
	(1074, 'ORITO', '320', 86),
	(1075, 'PUERTO ASIS', '568', 86),
	(1076, 'PUERTO CAICEDO', '569', 86),
	(1077, 'PUERTO GUZMAN', '571', 86),
	(1078, 'LEGUIZAMO', '573', 86),
	(1079, 'SIBUNDOY', '749', 86),
	(1080, 'SAN FRANCISCO', '755', 86),
	(1081, 'SAN MIGUEL', '757', 86),
	(1082, 'SANTIAGO', '760', 86),
	(1083, 'VALLE DEL GUAMUEZ', '865', 86),
	(1084, 'VILLAGARZON', '885', 86),
	(1085, 'SAN ANDRES', '001', 88),
	(1086, 'PROVIDENCIA', '564', 88),
	(1087, 'LETICIA', '001', 91),
	(1088, 'EL ENCANTO', '263', 91),
	(1089, 'LA CHORRERA', '405', 91),
	(1090, 'LA PEDRERA', '407', 91),
	(1091, 'LA VICTORIA', '430', 91),
	(1092, 'MIRITI - PARANA', '460', 91),
	(1093, 'PUERTO ALEGRIA', '530', 91),
	(1094, 'PUERTO ARICA', '536', 91),
	(1095, 'PUERTO NARIÑO', '540', 91),
	(1096, 'PUERTO SANTANDER', '669', 91),
	(1097, 'TARAPACA', '798', 91),
	(1098, 'INIRIDA', '001', 94),
	(1099, 'BARRANCO MINAS', '343', 94),
	(1100, 'MAPIRIPANA', '663', 94),
	(1101, 'SAN FELIPE', '883', 94),
	(1102, 'PUERTO COLOMBIA', '884', 94),
	(1103, 'LA GUADALUPE', '885', 94),
	(1104, 'CACAHUAL', '886', 94),
	(1105, 'PANA PANA', '887', 94),
	(1106, 'MORICHAL', '888', 94),
	(1107, 'SAN JOSE DEL GUAVIARE', '001', 95),
	(1108, 'CALAMAR', '015', 95),
	(1109, 'EL RETORNO', '025', 95),
	(1110, 'MIRAFLORES', '200', 95),
	(1111, 'MITU', '001', 97),
	(1112, 'CARURU', '161', 97),
	(1113, 'PACOA', '511', 97),
	(1114, 'TARAIRA', '666', 97),
	(1115, 'PAPUNAUA', '777', 97),
	(1116, 'YAVARATE', '889', 97),
	(1117, 'PUERTO CARREÑO', '001', 99),
	(1118, 'LA PRIMAVERA', '524', 99),
	(1119, 'SANTA ROSALIA', '624', 99),
	(1120, 'CUMARIBO', '773', 99);
/*!40000 ALTER TABLE `municipios` ENABLE KEYS */;

-- Volcando estructura para tabla opem.pais
DROP TABLE IF EXISTS `pais`;
CREATE TABLE IF NOT EXISTS `pais` (
  `id_pais` int NOT NULL AUTO_INCREMENT,
  `nombre_pais` varchar(200) CHARACTER SET utf8 COLLATE utf8_spanish_ci DEFAULT NULL,
  `inicianles_pais` varchar(3) CHARACTER SET utf8 COLLATE utf8_spanish_ci DEFAULT NULL,
  PRIMARY KEY (`id_pais`),
  UNIQUE KEY `INICIALES UNQ` (`inicianles_pais`)
) ENGINE=InnoDB AUTO_INCREMENT=7 DEFAULT CHARSET=utf8mb3 COLLATE=utf8_spanish_ci;

-- Volcando datos para la tabla opem.pais: ~6 rows (aproximadamente)
DELETE FROM `pais`;
/*!40000 ALTER TABLE `pais` DISABLE KEYS */;
INSERT INTO `pais` (`id_pais`, `nombre_pais`, `inicianles_pais`) VALUES
	(1, 'Colombia', 'CO'),
	(2, 'Venezuela', 'VE'),
	(3, 'Ecuador', 'EC'),
	(4, 'Chile', 'CH'),
	(5, 'Panama', 'PA'),
	(6, 'Brasil', 'BR');
/*!40000 ALTER TABLE `pais` ENABLE KEYS */;

-- Volcando estructura para tabla opem.permisosroles
DROP TABLE IF EXISTS `permisosroles`;
CREATE TABLE IF NOT EXISTS `permisosroles` (
  `id_prol` int NOT NULL,
  `idrol_prol` int DEFAULT NULL,
  `idmodulo_prol` int DEFAULT NULL,
  `ver_prol` int DEFAULT NULL,
  `crear_prol` int DEFAULT NULL,
  `editar_prol` int DEFAULT NULL,
  `eliminar_prol` int DEFAULT NULL,
  `filtrar_prol` int DEFAULT NULL,
  PRIMARY KEY (`id_prol`),
  UNIQUE KEY `permisosroles_idrol_prol_idmodulo_prol_unique` (`idrol_prol`,`idmodulo_prol`),
  KEY `idmodulo_prol` (`idmodulo_prol`),
  CONSTRAINT `permisosroles_ibfk_1` FOREIGN KEY (`idrol_prol`) REFERENCES `roles` (`id_rol`) ON UPDATE CASCADE,
  CONSTRAINT `permisosroles_ibfk_2` FOREIGN KEY (`idmodulo_prol`) REFERENCES `modulos` (`id_mod`) ON DELETE CASCADE ON UPDATE CASCADE
) ENGINE=InnoDB DEFAULT CHARSET=utf8mb3 COLLATE=utf8_spanish_ci;

-- Volcando datos para la tabla opem.permisosroles: ~16 rows (aproximadamente)
DELETE FROM `permisosroles`;
/*!40000 ALTER TABLE `permisosroles` DISABLE KEYS */;
INSERT INTO `permisosroles` (`id_prol`, `idrol_prol`, `idmodulo_prol`, `ver_prol`, `crear_prol`, `editar_prol`, `eliminar_prol`, `filtrar_prol`) VALUES
	(18, 1, 11, 1, 0, 1, 1, 0),
	(19, 1, 10, 1, 1, 1, 1, 0),
	(20, 1, 9, 1, 1, 1, 1, NULL),
	(21, 1, 8, 1, 1, 1, 0, 1),
	(22, 7, 8, 1, 0, 0, 0, NULL),
	(23, 7, 9, 0, NULL, NULL, NULL, NULL),
	(24, 1, 12, 1, 0, 0, 0, NULL),
	(25, 1, 13, 0, 0, 0, 0, NULL),
	(26, 1, 14, NULL, NULL, NULL, 0, NULL),
	(27, 1, 16, 0, 0, 0, 0, NULL),
	(28, 7, 12, 0, 0, 0, 0, NULL),
	(29, 1, 19, 1, 0, 0, 0, NULL),
	(30, 1, 18, 1, 0, 0, 0, NULL),
	(33, 1, 20, 1, 0, 0, 0, NULL),
	(36, 1, 17, 1, 0, 0, 0, NULL),
	(37, 7, 20, 1, 0, 0, 0, NULL);
/*!40000 ALTER TABLE `permisosroles` ENABLE KEYS */;

-- Volcando estructura para tabla opem.roles
DROP TABLE IF EXISTS `roles`;
CREATE TABLE IF NOT EXISTS `roles` (
  `id_rol` int NOT NULL AUTO_INCREMENT,
  `nombre_rol` varchar(40) CHARACTER SET utf8 COLLATE utf8_spanish_ci DEFAULT NULL,
  `descripcion_rol` varchar(200) CHARACTER SET utf8 COLLATE utf8_spanish_ci DEFAULT NULL,
  PRIMARY KEY (`id_rol`) USING BTREE,
  UNIQUE KEY `NOMBRE` (`nombre_rol`)
) ENGINE=InnoDB AUTO_INCREMENT=14 DEFAULT CHARSET=utf8mb3 COLLATE=utf8_spanish_ci;

-- Volcando datos para la tabla opem.roles: ~3 rows (aproximadamente)
DELETE FROM `roles`;
/*!40000 ALTER TABLE `roles` DISABLE KEYS */;
INSERT INTO `roles` (`id_rol`, `nombre_rol`, `descripcion_rol`) VALUES
	(1, 'ADM', 'Administrador de la plataforma'),
	(7, 'CONSULTA', 'Solo permite consultar datos'),
	(8, 'REGISTRO', 'registrar informacion');
/*!40000 ALTER TABLE `roles` ENABLE KEYS */;

-- Volcando estructura para tabla opem.tipodocumentos
DROP TABLE IF EXISTS `tipodocumentos`;
CREATE TABLE IF NOT EXISTS `tipodocumentos` (
  `id_tipo` int NOT NULL AUTO_INCREMENT,
  `nombre_tipo` varchar(80) CHARACTER SET utf8 COLLATE utf8_spanish_ci DEFAULT NULL,
  `iniciales_tipo` varchar(4) CHARACTER SET utf8 COLLATE utf8_spanish_ci DEFAULT NULL,
  PRIMARY KEY (`id_tipo`)
) ENGINE=InnoDB AUTO_INCREMENT=8 DEFAULT CHARSET=utf8mb3 COLLATE=utf8_spanish_ci;

-- Volcando datos para la tabla opem.tipodocumentos: ~7 rows (aproximadamente)
DELETE FROM `tipodocumentos`;
/*!40000 ALTER TABLE `tipodocumentos` DISABLE KEYS */;
INSERT INTO `tipodocumentos` (`id_tipo`, `nombre_tipo`, `iniciales_tipo`) VALUES
	(1, 'Cedula Ciudadania', 'C.C'),
	(2, 'Registro civil de nacimiento', 'R.C'),
	(3, 'Tarjeta de identidad ', 'T.I'),
	(4, 'Tarjeta de extranjería', 'TE'),
	(5, 'Cédula de extranjería', 'CE'),
	(6, 'NIT', 'NT'),
	(7, 'Pasaporte', 'P');
/*!40000 ALTER TABLE `tipodocumentos` ENABLE KEYS */;

/*!40101 SET SQL_MODE=IFNULL(@OLD_SQL_MODE, '') */;
/*!40014 SET FOREIGN_KEY_CHECKS=IFNULL(@OLD_FOREIGN_KEY_CHECKS, 1) */;
/*!40101 SET CHARACTER_SET_CLIENT=@OLD_CHARACTER_SET_CLIENT */;
/*!40111 SET SQL_NOTES=IFNULL(@OLD_SQL_NOTES, 1) */;
